"","ID","clust","jID","enClust","bClust"
"RUNX1_MA0002.2","RUNX1_MA0002.2",7,"MA0002.2",1,"7_1"
"TFAP2A_MA0003.4","TFAP2A_MA0003.4",140,"MA0003.4",1,"140_1"
"Arnt_MA0004.1","Arnt_MA0004.1",28,"MA0004.1",2,"28_2"
"Ahr::Arnt_MA0006.1","Ahr::Arnt_MA0006.1",75,"MA0006.1",3,"75_3"
"TBXT_MA0009.2","TBXT_MA0009.2",139,"MA0009.2",1,"139_1"
"br(var.2)_MA0011.1","br(var.2)_MA0011.1",9,"MA0011.1",4,"9_4"
"br(var.4)_MA0013.1","br(var.4)_MA0013.1",3,"MA0013.1",5,"3_5"
"PAX5_MA0014.3","PAX5_MA0014.3",54,"MA0014.3",3,"54_3"
"NR2F1_MA0017.2","NR2F1_MA0017.2",71,"MA0017.2",6,"71_6"
"CREB1_MA0018.4","CREB1_MA0018.4",58,"MA0018.4",7,"58_7"
"dl_MA0022.1","dl_MA0022.1",21,"MA0022.1",1,"21_1"
"E2F1_MA0024.3","E2F1_MA0024.3",11,"MA0024.3",8,"11_8"
"NFIL3_MA0025.2","NFIL3_MA0025.2",42,"MA0025.2",9,"42_9"
"Eip74EF_MA0026.1","Eip74EF_MA0026.1",24,"MA0026.1",10,"24_10"
"ELK1_MA0028.2","ELK1_MA0028.2",24,"MA0028.2",10,"24_10"
"FOXF2_MA0030.1","FOXF2_MA0030.1",3,"MA0030.1",11,"3_11"
"FOXD1_MA0031.1","FOXD1_MA0031.1",3,"MA0031.1",12,"3_12"
"FOXC1_MA0032.2","FOXC1_MA0032.2",3,"MA0032.2",13,"3_13"
"GATA2_MA0036.3","GATA2_MA0036.3",66,"MA0036.3",14,"66_14"
"GFI1_MA0038.2","GFI1_MA0038.2",90,"MA0038.2",15,"90_15"
"KLF4_MA0039.4","KLF4_MA0039.4",12,"MA0039.4",16,"12_16"
"Foxd3_MA0041.1","Foxd3_MA0041.1",3,"MA0041.1",13,"3_13"
"HLF_MA0043.3","HLF_MA0043.3",42,"MA0043.3",9,"42_9"
"HNF1A_MA0046.2","HNF1A_MA0046.2",95,"MA0046.2",17,"95_17"
"FOXA2_MA0047.3","FOXA2_MA0047.3",3,"MA0047.3",18,"3_18"
"NHLH1_MA0048.2","NHLH1_MA0048.2",46,"MA0048.2",19,"46_19"
"hb_MA0049.1","hb_MA0049.1",29,"MA0049.1",20,"29_20"
"IRF2_MA0051.1","IRF2_MA0051.1",59,"MA0051.1",1,"59_1"
"MEF2A_MA0052.4","MEF2A_MA0052.4",9,"MA0052.4",21,"9_21"
"MAX_MA0058.3","MAX_MA0058.3",28,"MA0058.3",2,"28_2"
"MAX::MYC_MA0059.1","MAX::MYC_MA0059.1",28,"MA0059.1",2,"28_2"
"NFYA_MA0060.3","NFYA_MA0060.3",37,"MA0060.3",8,"37_8"
"GABPA_MA0062.3","GABPA_MA0062.3",24,"MA0062.3",22,"24_22"
"NKX2-5_MA0063.2","NKX2-5_MA0063.2",57,"MA0063.2",23,"57_23"
"Pparg::Rxra_MA0065.2","Pparg::Rxra_MA0065.2",114,"MA0065.2",24,"114_24"
"Pax2_MA0067.1","Pax2_MA0067.1",54,"MA0067.1",25,"54_25"
"PAX6_MA0069.1","PAX6_MA0069.1",50,"MA0069.1",3,"50_3"
"RORA_MA0071.1","RORA_MA0071.1",31,"MA0071.1",1,"31_1"
"RREB1_MA0073.1","RREB1_MA0073.1",131,"MA0073.1",1,"131_1"
"ELK4_MA0076.2","ELK4_MA0076.2",24,"MA0076.2",10,"24_10"
"SOX9_MA0077.1","SOX9_MA0077.1",19,"MA0077.1",26,"19_26"
"Sox17_MA0078.1","Sox17_MA0078.1",19,"MA0078.1",27,"19_27"
"SP1_MA0079.4","SP1_MA0079.4",12,"MA0079.4",28,"12_28"
"SPI1_MA0080.5","SPI1_MA0080.5",24,"MA0080.5",22,"24_22"
"SPIB_MA0081.2","SPIB_MA0081.2",24,"MA0081.2",29,"24_29"
"SRF_MA0083.3","SRF_MA0083.3",137,"MA0083.3",4,"137_4"
"SRY_MA0084.1","SRY_MA0084.1",19,"MA0084.1",1,"19_1"
"sna_MA0086.2","sna_MA0086.2",46,"MA0086.2",19,"46_19"
"TAL1::TCF3_MA0091.1","TAL1::TCF3_MA0091.1",53,"MA0091.1",19,"53_19"
"Hand1::Tcf3_MA0092.1","Hand1::Tcf3_MA0092.1",30,"MA0092.1",30,"30_30"
"YY1_MA0095.2","YY1_MA0095.2",43,"MA0095.2",2,"43_2"
"ETS1_MA0098.3","ETS1_MA0098.3",24,"MA0098.3",10,"24_10"
"FOS::JUN_MA0099.3","FOS::JUN_MA0099.3",16,"MA0099.3",31,"16_31"
"MYB_MA0100.3","MYB_MA0100.3",46,"MA0100.3",32,"46_32"
"REL_MA0101.1","REL_MA0101.1",21,"MA0101.1",22,"21_22"
"CEBPA_MA0102.4","CEBPA_MA0102.4",42,"MA0102.4",33,"42_33"
"ZEB1_MA0103.3","ZEB1_MA0103.3",46,"MA0103.3",19,"46_19"
"MYCN_MA0104.4","MYCN_MA0104.4",28,"MA0104.4",2,"28_2"
"NFKB1_MA0105.4","NFKB1_MA0105.4",107,"MA0105.4",1,"107_1"
"TP53_MA0106.3","TP53_MA0106.3",144,"MA0106.3",34,"144_34"
"RELA_MA0107.1","RELA_MA0107.1",21,"MA0107.1",22,"21_22"
"TBP_MA0108.2","TBP_MA0108.2",14,"MA0108.2",35,"14_35"
"HLTF_MA0109.1","HLTF_MA0109.1",94,"MA0109.1",36,"94_36"
"Spz1_MA0111.1","Spz1_MA0111.1",135,"MA0111.1",1,"135_1"
"HNF4A_MA0114.4","HNF4A_MA0114.4",51,"MA0114.4",37,"51_37"
"Znf423_MA0116.1","Znf423_MA0116.1",169,"MA0116.1",1,"169_1"
"NFIC::TLX1_MA0119.1","NFIC::TLX1_MA0119.1",110,"MA0119.1",38,"110_38"
"Nkx3-2_MA0122.3","Nkx3-2_MA0122.3",4,"MA0122.3",39,"4_39"
"Nkx3-1_MA0124.2","Nkx3-1_MA0124.2",4,"MA0124.2",39,"4_39"
"Nobox_MA0125.1","Nobox_MA0125.1",1,"MA0125.1",4,"1_4"
"ZNF354C_MA0130.1","ZNF354C_MA0130.1",89,"MA0130.1",1,"89_1"
"HINFP_MA0131.2","HINFP_MA0131.2",93,"MA0131.2",2,"93_2"
"Lhx3_MA0135.1","Lhx3_MA0135.1",1,"MA0135.1",40,"1_40"
"ELF5_MA0136.2","ELF5_MA0136.2",24,"MA0136.2",10,"24_10"
"STAT1_MA0137.3","STAT1_MA0137.3",47,"MA0137.3",22,"47_22"
"REST_MA0138.2","REST_MA0138.2",128,"MA0138.2",1,"128_1"
"CTCF_MA0139.1","CTCF_MA0139.1",18,"MA0139.1",41,"18_41"
"ESRRB_MA0141.3","ESRRB_MA0141.3",71,"MA0141.3",6,"71_6"
"SOX2_MA0143.4","SOX2_MA0143.4",19,"MA0143.4",1,"19_1"
"TFCP2_MA0145.3","TFCP2_MA0145.3",26,"MA0145.3",27,"26_27"
"Zfx_MA0146.2","Zfx_MA0146.2",153,"MA0146.2",1,"153_1"
"MYC_MA0147.3","MYC_MA0147.3",28,"MA0147.3",2,"28_2"
"FOXA1_MA0148.4","FOXA1_MA0148.4",3,"MA0148.4",12,"3_12"
"HNF1B_MA0153.2","HNF1B_MA0153.2",95,"MA0153.2",17,"95_17"
"INSM1_MA0155.1","INSM1_MA0155.1",81,"MA0155.1",26,"81_26"
"FEV_MA0156.2","FEV_MA0156.2",24,"MA0156.2",10,"24_10"
"FOXO3_MA0157.2","FOXO3_MA0157.2",3,"MA0157.2",5,"3_5"
"RARA::RXRA_MA0159.1","RARA::RXRA_MA0159.1",126,"MA0159.1",42,"126_42"
"NR4A2_MA0160.1","NR4A2_MA0160.1",71,"MA0160.1",1,"71_1"
"NFIC_MA0161.2","NFIC_MA0161.2",92,"MA0161.2",23,"92_23"
"EGR1_MA0162.4","EGR1_MA0162.4",85,"MA0162.4",1,"85_1"
"PLAG1_MA0163.1","PLAG1_MA0163.1",121,"MA0163.1",1,"121_1"
"Vsx2_MA0180.1","Vsx2_MA0180.1",1,"MA0180.1",4,"1_4"
"Deaf1_MA0185.1","Deaf1_MA0185.1",20,"MA0185.1",20,"20_20"
"brk_MA0213.1","brk_MA0213.1",11,"MA0213.1",26,"11_26"
"exd_MA0222.1","exd_MA0222.1",2,"MA0222.1",27,"2_27"
"inv_MA0229.1","inv_MA0229.1",1,"MA0229.1",1,"1_1"
"pan_MA0237.2","pan_MA0237.2",41,"MA0237.2",26,"41_26"
"Bgb::run_MA0242.1","Bgb::run_MA0242.1",7,"MA0242.1",1,"7_1"
"slbo_MA0244.1","slbo_MA0244.1",42,"MA0244.1",6,"42_6"
"tin_MA0247.2","tin_MA0247.2",4,"MA0247.2",39,"4_39"
"twi_MA0249.2","twi_MA0249.2",53,"MA0249.2",43,"53_43"
"vnd_MA0253.1","vnd_MA0253.1",4,"MA0253.1",44,"4_44"
"z_MA0255.1","z_MA0255.1",57,"MA0255.1",3,"57_3"
"ESR2_MA0258.2","ESR2_MA0258.2",87,"MA0258.2",1,"87_1"
"ARNT::HIF1A_MA0259.1","ARNT::HIF1A_MA0259.1",28,"MA0259.1",2,"28_2"
"che-1_MA0260.1","che-1_MA0260.1",62,"MA0260.1",3,"62_3"
"lin-14_MA0261.1","lin-14_MA0261.1",68,"MA0261.1",3,"68_3"
"ceh-10::ttx-3_MA0263.1","ceh-10::ttx-3_MA0263.1",61,"MA0263.1",27,"61_27"
"ceh-22_MA0264.1","ceh-22_MA0264.1",4,"MA0264.1",39,"4_39"
"SOX10_MA0442.2","SOX10_MA0442.2",19,"MA0442.2",45,"19_45"
"btd_MA0443.1","btd_MA0443.1",12,"MA0443.1",46,"12_46"
"D_MA0445.1","D_MA0445.1",19,"MA0445.1",47,"19_47"
"fkh_MA0446.1","fkh_MA0446.1",3,"MA0446.1",48,"3_48"
"gt_MA0447.1","gt_MA0447.1",27,"MA0447.1",9,"27_9"
"h_MA0449.1","h_MA0449.1",28,"MA0449.1",1,"28_1"
"hkb_MA0450.1","hkb_MA0450.1",12,"MA0450.1",49,"12_49"
"kni_MA0451.1","kni_MA0451.1",31,"MA0451.1",1,"31_1"
"odd_MA0454.1","odd_MA0454.1",36,"MA0454.1",1,"36_1"
"opa_MA0456.1","opa_MA0456.1",38,"MA0456.1",50,"38_50"
"slp1_MA0458.1","slp1_MA0458.1",3,"MA0458.1",39,"3_39"
"tll_MA0459.1","tll_MA0459.1",51,"MA0459.1",9,"51_9"
"Atoh1_MA0461.2","Atoh1_MA0461.2",53,"MA0461.2",19,"53_19"
"BATF::JUN_MA0462.2","BATF::JUN_MA0462.2",16,"MA0462.2",31,"16_31"
"BHLHE40_MA0464.2","BHLHE40_MA0464.2",28,"MA0464.2",2,"28_2"
"CDX2_MA0465.2","CDX2_MA0465.2",13,"MA0465.2",51,"13_51"
"Crx_MA0467.1","Crx_MA0467.1",5,"MA0467.1",4,"5_4"
"E2F3_MA0469.3","E2F3_MA0469.3",11,"MA0469.3",1,"11_1"
"E2F4_MA0470.2","E2F4_MA0470.2",11,"MA0470.2",8,"11_8"
"E2F6_MA0471.2","E2F6_MA0471.2",65,"MA0471.2",8,"65_8"
"ELF1_MA0473.3","ELF1_MA0473.3",24,"MA0473.3",22,"24_22"
"ERG_MA0474.2","ERG_MA0474.2",24,"MA0474.2",10,"24_10"
"FLI1_MA0475.2","FLI1_MA0475.2",24,"MA0475.2",10,"24_10"
"FOS_MA0476.1","FOS_MA0476.1",16,"MA0476.1",31,"16_31"
"FOSL1_MA0477.2","FOSL1_MA0477.2",16,"MA0477.2",31,"16_31"
"FOSL2_MA0478.1","FOSL2_MA0478.1",16,"MA0478.1",31,"16_31"
"Foxo1_MA0480.1","Foxo1_MA0480.1",3,"MA0480.1",23,"3_23"
"FOXP1_MA0481.3","FOXP1_MA0481.3",3,"MA0481.3",18,"3_18"
"Gfi1b_MA0483.1","Gfi1b_MA0483.1",90,"MA0483.1",11,"90_11"
"HNF4G_MA0484.2","HNF4G_MA0484.2",51,"MA0484.2",37,"51_37"
"HSF1_MA0486.2","HSF1_MA0486.2",98,"MA0486.2",52,"98_52"
"JUN_MA0488.1","JUN_MA0488.1",58,"MA0488.1",7,"58_7"
"JUN(var.2)_MA0489.1","JUN(var.2)_MA0489.1",16,"MA0489.1",31,"16_31"
"JUNB_MA0490.2","JUNB_MA0490.2",16,"MA0490.2",31,"16_31"
"JUND_MA0491.2","JUND_MA0491.2",16,"MA0491.2",31,"16_31"
"JUND(var.2)_MA0492.1","JUND(var.2)_MA0492.1",58,"MA0492.1",53,"58_53"
"Klf1_MA0493.1","Klf1_MA0493.1",12,"MA0493.1",54,"12_54"
"MEF2C_MA0497.1","MEF2C_MA0497.1",9,"MA0497.1",22,"9_22"
"MEIS1_MA0498.2","MEIS1_MA0498.2",2,"MA0498.2",39,"2_39"
"MYOD1_MA0499.2","MYOD1_MA0499.2",46,"MA0499.2",19,"46_19"
"MYOG_MA0500.2","MYOG_MA0500.2",46,"MA0500.2",19,"46_19"
"MAF::NFE2_MA0501.1","MAF::NFE2_MA0501.1",16,"MA0501.1",51,"16_51"
"NFYB_MA0502.2","NFYB_MA0502.2",111,"MA0502.2",34,"111_34"
"Nkx2-5(var.2)_MA0503.1","Nkx2-5(var.2)_MA0503.1",57,"MA0503.1",33,"57_33"
"Nr5a2_MA0505.1","Nr5a2_MA0505.1",71,"MA0505.1",24,"71_24"
"NRF1_MA0506.1","NRF1_MA0506.1",118,"MA0506.1",3,"118_3"
"POU2F2_MA0507.1","POU2F2_MA0507.1",35,"MA0507.1",27,"35_27"
"PRDM1_MA0508.3","PRDM1_MA0508.3",123,"MA0508.3",33,"123_33"
"RFX1_MA0509.2","RFX1_MA0509.2",129,"MA0509.2",55,"129_55"
"RFX5_MA0510.2","RFX5_MA0510.2",129,"MA0510.2",55,"129_55"
"RUNX2_MA0511.2","RUNX2_MA0511.2",7,"MA0511.2",1,"7_1"
"SMAD2::SMAD3::SMAD4_MA0513.1","SMAD2::SMAD3::SMAD4_MA0513.1",133,"MA0513.1",1,"133_1"
"Sox3_MA0514.1","Sox3_MA0514.1",19,"MA0514.1",19,"19_19"
"Sox6_MA0515.1","Sox6_MA0515.1",19,"MA0515.1",1,"19_1"
"Stat5a::Stat5b_MA0519.1","Stat5a::Stat5b_MA0519.1",47,"MA0519.1",12,"47_12"
"Tcf12_MA0521.1","Tcf12_MA0521.1",46,"MA0521.1",19,"46_19"
"TCF3_MA0522.3","TCF3_MA0522.3",46,"MA0522.3",19,"46_19"
"TCF7L2_MA0523.1","TCF7L2_MA0523.1",101,"MA0523.1",56,"101_56"
"TFAP2C_MA0524.2","TFAP2C_MA0524.2",141,"MA0524.2",1,"141_1"
"USF2_MA0526.3","USF2_MA0526.3",28,"MA0526.3",1,"28_1"
"ZBTB33_MA0527.1","ZBTB33_MA0527.1",149,"MA0527.1",1,"149_1"
"ZNF263_MA0528.2","ZNF263_MA0528.2",162,"MA0528.2",1,"162_1"
"cnc::maf-S_MA0530.1","cnc::maf-S_MA0530.1",16,"MA0530.1",38,"16_38"
"CTCF_MA0531.1","CTCF_MA0531.1",18,"MA0531.1",1,"18_1"
"Stat92E_MA0532.1","Stat92E_MA0532.1",47,"MA0532.1",1,"47_1"
"su(Hw)_MA0533.1","su(Hw)_MA0533.1",49,"MA0533.1",3,"49_3"
"Mad_MA0535.1","Mad_MA0535.1",34,"MA0535.1",1,"34_1"
"blmp-1_MA0537.1","blmp-1_MA0537.1",59,"MA0537.1",57,"59_57"
"daf-12_MA0538.1","daf-12_MA0538.1",63,"MA0538.1",3,"63_3"
"dpy-27_MA0540.1","dpy-27_MA0540.1",64,"MA0540.1",11,"64_11"
"efl-1_MA0541.1","efl-1_MA0541.1",65,"MA0541.1",8,"65_8"
"elt-3_MA0542.1","elt-3_MA0542.1",66,"MA0542.1",4,"66_4"
"eor-1_MA0543.1","eor-1_MA0543.1",67,"MA0543.1",1,"67_1"
"snpc-4_MA0544.1","snpc-4_MA0544.1",74,"MA0544.1",1,"74_1"
"hlh-1_MA0545.1","hlh-1_MA0545.1",46,"MA0545.1",19,"46_19"
"pha-4_MA0546.1","pha-4_MA0546.1",3,"MA0546.1",13,"3_13"
"Bach1::Mafk_MA0591.1","Bach1::Mafk_MA0591.1",16,"MA0591.1",25,"16_25"
"ESRRA_MA0592.3","ESRRA_MA0592.3",71,"MA0592.3",1,"71_1"
"FOXP2_MA0593.1","FOXP2_MA0593.1",3,"MA0593.1",58,"3_58"
"HOXA9_MA0594.2","HOXA9_MA0594.2",97,"MA0594.2",37,"97_37"
"SREBF1_MA0595.1","SREBF1_MA0595.1",136,"MA0595.1",59,"136_59"
"SREBF2_MA0596.1","SREBF2_MA0596.1",136,"MA0596.1",37,"136_37"
"THAP1_MA0597.1","THAP1_MA0597.1",25,"MA0597.1",1,"25_1"
"EHF_MA0598.3","EHF_MA0598.3",24,"MA0598.3",10,"24_10"
"KLF5_MA0599.1","KLF5_MA0599.1",12,"MA0599.1",17,"12_17"
"RFX2_MA0600.2","RFX2_MA0600.2",129,"MA0600.2",55,"129_55"
"Arntl_MA0603.1","Arntl_MA0603.1",28,"MA0603.1",2,"28_2"
"Atf1_MA0604.1","Atf1_MA0604.1",58,"MA0604.1",7,"58_7"
"ATF3_MA0605.2","ATF3_MA0605.2",58,"MA0605.2",60,"58_60"
"Bhlha15_MA0607.1","Bhlha15_MA0607.1",53,"MA0607.1",19,"53_19"
"Creb3l2_MA0608.1","Creb3l2_MA0608.1",28,"MA0608.1",2,"28_2"
"Dux_MA0611.1","Dux_MA0611.1",37,"MA0611.1",8,"37_8"
"EMX1_MA0612.2","EMX1_MA0612.2",1,"MA0612.2",61,"1_61"
"FOXG1_MA0613.1","FOXG1_MA0613.1",3,"MA0613.1",36,"3_36"
"Foxj2_MA0614.1","Foxj2_MA0614.1",3,"MA0614.1",18,"3_18"
"HES2_MA0616.2","HES2_MA0616.2",28,"MA0616.2",2,"28_2"
"LIN54_MA0619.1","LIN54_MA0619.1",69,"MA0619.1",36,"69_36"
"MITF_MA0620.3","MITF_MA0620.3",28,"MA0620.3",37,"28_37"
"mix-a_MA0621.1","mix-a_MA0621.1",1,"MA0621.1",27,"1_27"
"Mlxip_MA0622.1","Mlxip_MA0622.1",28,"MA0622.1",2,"28_2"
"NEUROG1_MA0623.2","NEUROG1_MA0623.2",53,"MA0623.2",43,"53_43"
"NFATC1_MA0624.1","NFATC1_MA0624.1",109,"MA0624.1",60,"109_60"
"NFATC3_MA0625.1","NFATC3_MA0625.1",109,"MA0625.1",9,"109_9"
"Npas2_MA0626.1","Npas2_MA0626.1",28,"MA0626.1",2,"28_2"
"POU2F3_MA0627.2","POU2F3_MA0627.2",35,"MA0627.2",62,"35_62"
"Rhox11_MA0629.1","Rhox11_MA0629.1",130,"MA0629.1",3,"130_3"
"SHOX_MA0630.1","SHOX_MA0630.1",1,"MA0630.1",22,"1_22"
"TCFL5_MA0632.2","TCFL5_MA0632.2",75,"MA0632.2",63,"75_63"
"Twist2_MA0633.1","Twist2_MA0633.1",53,"MA0633.1",43,"53_43"
"ALX3_MA0634.1","ALX3_MA0634.1",1,"MA0634.1",61,"1_61"
"BHLHE41_MA0636.1","BHLHE41_MA0636.1",28,"MA0636.1",37,"28_37"
"CENPB_MA0637.1","CENPB_MA0637.1",80,"MA0637.1",1,"80_1"
"CREB3_MA0638.1","CREB3_MA0638.1",78,"MA0638.1",27,"78_27"
"DBP_MA0639.1","DBP_MA0639.1",27,"MA0639.1",9,"27_9"
"ELF3_MA0640.2","ELF3_MA0640.2",24,"MA0640.2",22,"24_22"
"ELF4_MA0641.1","ELF4_MA0641.1",24,"MA0641.1",10,"24_10"
"EN2_MA0642.1","EN2_MA0642.1",1,"MA0642.1",35,"1_35"
"ESX1_MA0644.1","ESX1_MA0644.1",1,"MA0644.1",61,"1_61"
"ETV6_MA0645.1","ETV6_MA0645.1",24,"MA0645.1",10,"24_10"
"GRHL1_MA0647.1","GRHL1_MA0647.1",26,"MA0647.1",23,"26_23"
"GSC_MA0648.1","GSC_MA0648.1",5,"MA0648.1",4,"5_4"
"HEY2_MA0649.1","HEY2_MA0649.1",28,"MA0649.1",2,"28_2"
"IRF8_MA0652.1","IRF8_MA0652.1",59,"MA0652.1",6,"59_6"
"IRF9_MA0653.1","IRF9_MA0653.1",59,"MA0653.1",6,"59_6"
"ISX_MA0654.1","ISX_MA0654.1",1,"MA0654.1",22,"1_22"
"JDP2_MA0655.1","JDP2_MA0655.1",16,"MA0655.1",31,"16_31"
"JDP2(var.2)_MA0656.1","JDP2(var.2)_MA0656.1",58,"MA0656.1",53,"58_53"
"KLF13_MA0657.1","KLF13_MA0657.1",12,"MA0657.1",1,"12_1"
"LHX6_MA0658.1","LHX6_MA0658.1",1,"MA0658.1",27,"1_27"
"MIXL1_MA0662.1","MIXL1_MA0662.1",1,"MA0662.1",61,"1_61"
"MLX_MA0663.1","MLX_MA0663.1",28,"MA0663.1",37,"28_37"
"MLXIPL_MA0664.1","MLXIPL_MA0664.1",28,"MA0664.1",2,"28_2"
"MSC_MA0665.1","MSC_MA0665.1",46,"MA0665.1",19,"46_19"
"MYF6_MA0667.1","MYF6_MA0667.1",46,"MA0667.1",19,"46_19"
"NEUROD2_MA0668.1","NEUROD2_MA0668.1",53,"MA0668.1",19,"53_19"
"NEUROG2_MA0669.1","NEUROG2_MA0669.1",53,"MA0669.1",19,"53_19"
"NFIX_MA0671.1","NFIX_MA0671.1",92,"MA0671.1",1,"92_1"
"NKX2-8_MA0673.1","NKX2-8_MA0673.1",4,"MA0673.1",1,"4_1"
"NKX6-1_MA0674.1","NKX6-1_MA0674.1",1,"MA0674.1",64,"1_64"
"OLIG2_MA0678.1","OLIG2_MA0678.1",53,"MA0678.1",19,"53_19"
"ONECUT1_MA0679.2","ONECUT1_MA0679.2",6,"MA0679.2",37,"6_37"
"PHOX2B_MA0681.2","PHOX2B_MA0681.2",83,"MA0681.2",26,"83_26"
"PITX1_MA0682.2","PITX1_MA0682.2",5,"MA0682.2",4,"5_4"
"POU4F2_MA0683.1","POU4F2_MA0683.1",95,"MA0683.1",65,"95_65"
"RUNX3_MA0684.2","RUNX3_MA0684.2",7,"MA0684.2",1,"7_1"
"SP4_MA0685.1","SP4_MA0685.1",12,"MA0685.1",66,"12_66"
"SPDEF_MA0686.1","SPDEF_MA0686.1",24,"MA0686.1",10,"24_10"
"SPIC_MA0687.1","SPIC_MA0687.1",24,"MA0687.1",29,"24_29"
"TBX2_MA0688.1","TBX2_MA0688.1",86,"MA0688.1",1,"86_1"
"TBX21_MA0690.1","TBX21_MA0690.1",86,"MA0690.1",27,"86_27"
"TFAP4_MA0691.1","TFAP4_MA0691.1",46,"MA0691.1",19,"46_19"
"TFEB_MA0692.1","TFEB_MA0692.1",28,"MA0692.1",37,"28_37"
"VDR_MA0693.2","VDR_MA0693.2",17,"MA0693.2",1,"17_1"
"ZBTB7B_MA0694.1","ZBTB7B_MA0694.1",151,"MA0694.1",1,"151_1"
"ZBTB7C_MA0695.1","ZBTB7C_MA0695.1",151,"MA0695.1",1,"151_1"
"ZIC1_MA0696.1","ZIC1_MA0696.1",38,"MA0696.1",3,"38_3"
"ZIC3_MA0697.1","ZIC3_MA0697.1",38,"MA0697.1",50,"38_50"
"ZBTB18_MA0698.1","ZBTB18_MA0698.1",53,"MA0698.1",19,"53_19"
"LBX2_MA0699.1","LBX2_MA0699.1",1,"MA0699.1",35,"1_35"
"LHX2_MA0700.2","LHX2_MA0700.2",1,"MA0700.2",4,"1_4"
"LMX1B_MA0703.2","LMX1B_MA0703.2",1,"MA0703.2",27,"1_27"
"MEOX2_MA0706.1","MEOX2_MA0706.1",1,"MA0706.1",27,"1_27"
"MNX1_MA0707.1","MNX1_MA0707.1",1,"MA0707.1",22,"1_22"
"MSX2_MA0708.1","MSX2_MA0708.1",1,"MA0708.1",22,"1_22"
"NOTO_MA0710.1","NOTO_MA0710.1",1,"MA0710.1",27,"1_27"
"OTX1_MA0711.1","OTX1_MA0711.1",5,"MA0711.1",4,"5_4"
"OTX2_MA0712.2","OTX2_MA0712.2",5,"MA0712.2",4,"5_4"
"PHOX2A_MA0713.1","PHOX2A_MA0713.1",83,"MA0713.1",21,"83_21"
"PITX3_MA0714.1","PITX3_MA0714.1",5,"MA0714.1",4,"5_4"
"PROP1_MA0715.1","PROP1_MA0715.1",83,"MA0715.1",21,"83_21"
"PRRX1_MA0716.1","PRRX1_MA0716.1",1,"MA0716.1",22,"1_22"
"RAX2_MA0717.1","RAX2_MA0717.1",1,"MA0717.1",22,"1_22"
"RAX_MA0718.1","RAX_MA0718.1",1,"MA0718.1",61,"1_61"
"RHOXF1_MA0719.1","RHOXF1_MA0719.1",5,"MA0719.1",1,"5_1"
"Shox2_MA0720.1","Shox2_MA0720.1",1,"MA0720.1",22,"1_22"
"UNCX_MA0721.1","UNCX_MA0721.1",1,"MA0721.1",4,"1_4"
"VENTX_MA0724.1","VENTX_MA0724.1",1,"MA0724.1",4,"1_4"
"NR3C2_MA0727.1","NR3C2_MA0727.1",76,"MA0727.1",9,"76_9"
"Nr2f6(var.2)_MA0728.1","Nr2f6(var.2)_MA0728.1",96,"MA0728.1",67,"96_67"
"RARA(var.2)_MA0730.1","RARA(var.2)_MA0730.1",126,"MA0730.1",68,"126_68"
"BCL6B_MA0731.1","BCL6B_MA0731.1",47,"MA0731.1",22,"47_22"
"GLIS2_MA0736.1","GLIS2_MA0736.1",91,"MA0736.1",3,"91_3"
"GLIS3_MA0737.1","GLIS3_MA0737.1",91,"MA0737.1",41,"91_41"
"HIC2_MA0738.1","HIC2_MA0738.1",92,"MA0738.1",3,"92_3"
"Hic1_MA0739.1","Hic1_MA0739.1",92,"MA0739.1",1,"92_1"
"KLF14_MA0740.1","KLF14_MA0740.1",12,"MA0740.1",26,"12_26"
"KLF16_MA0741.1","KLF16_MA0741.1",12,"MA0741.1",54,"12_54"
"Klf12_MA0742.1","Klf12_MA0742.1",12,"MA0742.1",4,"12_4"
"SCRT1_MA0743.2","SCRT1_MA0743.2",46,"MA0743.2",3,"46_3"
"SCRT2_MA0744.2","SCRT2_MA0744.2",46,"MA0744.2",3,"46_3"
"SNAI2_MA0745.2","SNAI2_MA0745.2",46,"MA0745.2",19,"46_19"
"SP3_MA0746.2","SP3_MA0746.2",12,"MA0746.2",28,"12_28"
"SP8_MA0747.1","SP8_MA0747.1",12,"MA0747.1",14,"12_14"
"YY2_MA0748.2","YY2_MA0748.2",43,"MA0748.2",1,"43_1"
"ZBTB7A_MA0750.2","ZBTB7A_MA0750.2",24,"MA0750.2",1,"24_1"
"ZIC4_MA0751.1","ZIC4_MA0751.1",38,"MA0751.1",3,"38_3"
"ONECUT2_MA0756.1","ONECUT2_MA0756.1",6,"MA0756.1",58,"6_58"
"ONECUT3_MA0757.1","ONECUT3_MA0757.1",6,"MA0757.1",58,"6_58"
"E2F7_MA0758.1","E2F7_MA0758.1",65,"MA0758.1",8,"65_8"
"ELK3_MA0759.1","ELK3_MA0759.1",24,"MA0759.1",10,"24_10"
"ERF_MA0760.1","ERF_MA0760.1",24,"MA0760.1",10,"24_10"
"ETV1_MA0761.2","ETV1_MA0761.2",24,"MA0761.2",10,"24_10"
"ETV2_MA0762.1","ETV2_MA0762.1",24,"MA0762.1",10,"24_10"
"ETV3_MA0763.1","ETV3_MA0763.1",24,"MA0763.1",10,"24_10"
"ETV4_MA0764.2","ETV4_MA0764.2",24,"MA0764.2",10,"24_10"
"ETV5_MA0765.2","ETV5_MA0765.2",24,"MA0765.2",10,"24_10"
"GATA5_MA0766.2","GATA5_MA0766.2",66,"MA0766.2",14,"66_14"
"LEF1_MA0768.1","LEF1_MA0768.1",101,"MA0768.1",59,"101_59"
"TCF7_MA0769.2","TCF7_MA0769.2",101,"MA0769.2",69,"101_69"
"HSF2_MA0770.1","HSF2_MA0770.1",98,"MA0770.1",52,"98_52"
"HSF4_MA0771.1","HSF4_MA0771.1",98,"MA0771.1",70,"98_70"
"IRF7_MA0772.1","IRF7_MA0772.1",59,"MA0772.1",11,"59_11"
"MEIS2_MA0774.1","MEIS2_MA0774.1",2,"MA0774.1",13,"2_13"
"MEIS3_MA0775.1","MEIS3_MA0775.1",2,"MA0775.1",39,"2_39"
"MYBL2_MA0777.1","MYBL2_MA0777.1",106,"MA0777.1",61,"106_61"
"PAX1_MA0779.1","PAX1_MA0779.1",50,"MA0779.1",3,"50_3"
"PAX9_MA0781.1","PAX9_MA0781.1",50,"MA0781.1",3,"50_3"
"PKNOX2_MA0783.1","PKNOX2_MA0783.1",120,"MA0783.1",21,"120_21"
"POU1F1_MA0784.1","POU1F1_MA0784.1",35,"MA0784.1",26,"35_26"
"POU3F1_MA0786.1","POU3F1_MA0786.1",35,"MA0786.1",51,"35_51"
"POU3F2_MA0787.1","POU3F2_MA0787.1",35,"MA0787.1",51,"35_51"
"POU3F3_MA0788.1","POU3F3_MA0788.1",35,"MA0788.1",51,"35_51"
"POU4F1_MA0790.1","POU4F1_MA0790.1",95,"MA0790.1",65,"95_65"
"POU4F3_MA0791.1","POU4F3_MA0791.1",95,"MA0791.1",65,"95_65"
"POU6F2_MA0793.1","POU6F2_MA0793.1",1,"MA0793.1",38,"1_38"
"PROX1_MA0794.1","PROX1_MA0794.1",125,"MA0794.1",1,"125_1"
"TGIF1_MA0796.1","TGIF1_MA0796.1",120,"MA0796.1",27,"120_27"
"TGIF2_MA0797.1","TGIF2_MA0797.1",120,"MA0797.1",26,"120_26"
"RFX3_MA0798.2","RFX3_MA0798.2",129,"MA0798.2",55,"129_55"
"RFX4_MA0799.1","RFX4_MA0799.1",129,"MA0799.1",55,"129_55"
"EOMES_MA0800.1","EOMES_MA0800.1",86,"MA0800.1",71,"86_71"
"MGA_MA0801.1","MGA_MA0801.1",86,"MA0801.1",68,"86_68"
"TBR1_MA0802.1","TBR1_MA0802.1",86,"MA0802.1",33,"86_33"
"TBX15_MA0803.1","TBX15_MA0803.1",86,"MA0803.1",26,"86_26"
"TBX19_MA0804.1","TBX19_MA0804.1",139,"MA0804.1",23,"139_23"
"TBX1_MA0805.1","TBX1_MA0805.1",86,"MA0805.1",68,"86_68"
"TBX4_MA0806.1","TBX4_MA0806.1",86,"MA0806.1",26,"86_26"
"TBX5_MA0807.1","TBX5_MA0807.1",86,"MA0807.1",26,"86_26"
"TEAD3_MA0808.1","TEAD3_MA0808.1",45,"MA0808.1",16,"45_16"
"TFAP2A(var.2)_MA0810.1","TFAP2A(var.2)_MA0810.1",141,"MA0810.1",1,"141_1"
"TFAP2B_MA0811.1","TFAP2B_MA0811.1",141,"MA0811.1",68,"141_68"
"TFAP2C(var.2)_MA0814.2","TFAP2C(var.2)_MA0814.2",140,"MA0814.2",1,"140_1"
"Ascl2_MA0816.1","Ascl2_MA0816.1",46,"MA0816.1",19,"46_19"
"BHLHE23_MA0817.1","BHLHE23_MA0817.1",53,"MA0817.1",19,"53_19"
"BHLHE22_MA0818.1","BHLHE22_MA0818.1",53,"MA0818.1",19,"53_19"
"CLOCK_MA0819.1","CLOCK_MA0819.1",28,"MA0819.1",2,"28_2"
"FIGLA_MA0820.1","FIGLA_MA0820.1",46,"MA0820.1",19,"46_19"
"HES5_MA0821.1","HES5_MA0821.1",28,"MA0821.1",2,"28_2"
"HES7_MA0822.1","HES7_MA0822.1",28,"MA0822.1",1,"28_1"
"HEY1_MA0823.1","HEY1_MA0823.1",28,"MA0823.1",2,"28_2"
"MNT_MA0825.1","MNT_MA0825.1",28,"MA0825.1",2,"28_2"
"OLIG1_MA0826.1","OLIG1_MA0826.1",53,"MA0826.1",19,"53_19"
"OLIG3_MA0827.1","OLIG3_MA0827.1",53,"MA0827.1",19,"53_19"
"SREBF2(var.2)_MA0828.1","SREBF2(var.2)_MA0828.1",28,"MA0828.1",37,"28_37"
"SREBF1(var.2)_MA0829.2","SREBF1(var.2)_MA0829.2",28,"MA0829.2",37,"28_37"
"TCF4_MA0830.2","TCF4_MA0830.2",46,"MA0830.2",19,"46_19"
"TFE3_MA0831.2","TFE3_MA0831.2",28,"MA0831.2",72,"28_72"
"Tcf21_MA0832.1","Tcf21_MA0832.1",46,"MA0832.1",19,"46_19"
"ATF4_MA0833.2","ATF4_MA0833.2",42,"MA0833.2",22,"42_22"
"ATF7_MA0834.1","ATF7_MA0834.1",58,"MA0834.1",7,"58_7"
"BATF3_MA0835.2","BATF3_MA0835.2",16,"MA0835.2",31,"16_31"
"CEBPD_MA0836.2","CEBPD_MA0836.2",42,"MA0836.2",35,"42_35"
"CEBPE_MA0837.1","CEBPE_MA0837.1",42,"MA0837.1",52,"42_52"
"CEBPG_MA0838.1","CEBPG_MA0838.1",42,"MA0838.1",52,"42_52"
"CREB3L1_MA0839.1","CREB3L1_MA0839.1",78,"MA0839.1",2,"78_2"
"Creb5_MA0840.1","Creb5_MA0840.1",58,"MA0840.1",7,"58_7"
"NFE2_MA0841.1","NFE2_MA0841.1",16,"MA0841.1",31,"16_31"
"TEF_MA0843.1","TEF_MA0843.1",27,"MA0843.1",9,"27_9"
"FOXB1_MA0845.1","FOXB1_MA0845.1",3,"MA0845.1",13,"3_13"
"FOXC2_MA0846.1","FOXC2_MA0846.1",3,"MA0846.1",13,"3_13"
"FOXD2_MA0847.2","FOXD2_MA0847.2",3,"MA0847.2",13,"3_13"
"Foxj3_MA0851.1","Foxj3_MA0851.1",3,"MA0851.1",18,"3_18"
"FOXK1_MA0852.2","FOXK1_MA0852.2",3,"MA0852.2",11,"3_11"
"Alx4_MA0853.1","Alx4_MA0853.1",1,"MA0853.1",42,"1_42"
"Alx1_MA0854.1","Alx1_MA0854.1",1,"MA0854.1",23,"1_23"
"Rarg_MA0859.1","Rarg_MA0859.1",96,"MA0859.1",67,"96_67"
"TP73_MA0861.1","TP73_MA0861.1",144,"MA0861.1",34,"144_34"
"GMEB2_MA0862.1","GMEB2_MA0862.1",27,"MA0862.1",53,"27_53"
"MTF1_MA0863.1","MTF1_MA0863.1",104,"MA0863.1",3,"104_3"
"E2F2_MA0864.2","E2F2_MA0864.2",11,"MA0864.2",8,"11_8"
"E2F8_MA0865.1","E2F8_MA0865.1",65,"MA0865.1",8,"65_8"
"SOX4_MA0867.2","SOX4_MA0867.2",19,"MA0867.2",1,"19_1"
"SOX8_MA0868.2","SOX8_MA0868.2",19,"MA0868.2",26,"19_26"
"Sox1_MA0870.1","Sox1_MA0870.1",134,"MA0870.1",8,"134_8"
"TFEC_MA0871.2","TFEC_MA0871.2",28,"MA0871.2",2,"28_2"
"BSX_MA0876.1","BSX_MA0876.1",1,"MA0876.1",1,"1_1"
"BARHL1_MA0877.2","BARHL1_MA0877.2",79,"MA0877.2",38,"79_38"
"CDX1_MA0878.2","CDX1_MA0878.2",13,"MA0878.2",29,"13_29"
"Dlx1_MA0879.1","Dlx1_MA0879.1",1,"MA0879.1",61,"1_61"
"Dmbx1_MA0883.1","Dmbx1_MA0883.1",5,"MA0883.1",4,"5_4"
"EVX1_MA0887.1","EVX1_MA0887.1",1,"MA0887.1",60,"1_60"
"GBX1_MA0889.1","GBX1_MA0889.1",1,"MA0889.1",61,"1_61"
"GBX2_MA0890.1","GBX2_MA0890.1",1,"MA0890.1",61,"1_61"
"GSC2_MA0891.1","GSC2_MA0891.1",5,"MA0891.1",61,"5_61"
"HESX1_MA0894.1","HESX1_MA0894.1",1,"MA0894.1",61,"1_61"
"HMBOX1_MA0895.1","HMBOX1_MA0895.1",1,"MA0895.1",27,"1_27"
"Hmx2_MA0897.1","Hmx2_MA0897.1",1,"MA0897.1",60,"1_60"
"Hmx3_MA0898.1","Hmx3_MA0898.1",1,"MA0898.1",27,"1_27"
"HOXB13_MA0901.2","HOXB13_MA0901.2",13,"MA0901.2",57,"13_57"
"HOXC10_MA0905.1","HOXC10_MA0905.1",97,"MA0905.1",37,"97_37"
"HOXD13_MA0909.2","HOXD13_MA0909.2",13,"MA0909.2",56,"13_56"
"ISL2_MA0914.1","ISL2_MA0914.1",4,"MA0914.1",27,"4_27"
"dve_MA0915.1","dve_MA0915.1",5,"MA0915.1",4,"5_4"
"Ets21C_MA0916.1","Ets21C_MA0916.1",24,"MA0916.1",10,"24_10"
"gcm2_MA0917.1","gcm2_MA0917.1",25,"MA0917.1",1,"25_1"
"fkh-2_MA0920.1","fkh-2_MA0920.1",3,"MA0920.1",18,"3_18"
"ceh-48_MA0921.1","ceh-48_MA0921.1",6,"MA0921.1",27,"6_27"
"ces-2_MA0922.1","ces-2_MA0922.1",27,"MA0922.1",9,"27_9"
"unc-86_MA0926.1","unc-86_MA0926.1",56,"MA0926.1",25,"56_25"
"zfh-2_MA0928.1","zfh-2_MA0928.1",1,"MA0928.1",73,"1_73"
"HES1_MA1099.2","HES1_MA1099.2",28,"MA1099.2",2,"28_2"
"ASCL1_MA1100.2","ASCL1_MA1100.2",46,"MA1100.2",19,"46_19"
"BACH2_MA1101.2","BACH2_MA1101.2",16,"MA1101.2",4,"16_4"
"CTCFL_MA1102.2","CTCFL_MA1102.2",81,"MA1102.2",41,"81_41"
"FOXK2_MA1103.2","FOXK2_MA1103.2",3,"MA1103.2",18,"3_18"
"GATA6_MA1104.2","GATA6_MA1104.2",66,"MA1104.2",14,"66_14"
"GRHL2_MA1105.2","GRHL2_MA1105.2",26,"MA1105.2",11,"26_11"
"HIF1A_MA1106.1","HIF1A_MA1106.1",28,"MA1106.1",2,"28_2"
"KLF9_MA1107.2","KLF9_MA1107.2",12,"MA1107.2",1,"12_1"
"MXI1_MA1108.2","MXI1_MA1108.2",53,"MA1108.2",2,"53_2"
"NEUROD1_MA1109.1","NEUROD1_MA1109.1",53,"MA1109.1",19,"53_19"
"NR4A1_MA1112.2","NR4A1_MA1112.2",71,"MA1112.2",39,"71_39"
"PBX3_MA1114.1","PBX3_MA1114.1",2,"MA1114.1",1,"2_1"
"POU5F1_MA1115.1","POU5F1_MA1115.1",35,"MA1115.1",26,"35_26"
"RELB_MA1117.1","RELB_MA1117.1",107,"MA1117.1",1,"107_1"
"SIX1_MA1118.1","SIX1_MA1118.1",132,"MA1118.1",13,"132_13"
"SIX2_MA1119.1","SIX2_MA1119.1",132,"MA1119.1",27,"132_27"
"SOX13_MA1120.1","SOX13_MA1120.1",19,"MA1120.1",1,"19_1"
"TEAD2_MA1121.1","TEAD2_MA1121.1",45,"MA1121.1",29,"45_29"
"TFDP1_MA1122.1","TFDP1_MA1122.1",65,"MA1122.1",8,"65_8"
"TWIST1_MA1123.2","TWIST1_MA1123.2",53,"MA1123.2",19,"53_19"
"ZNF24_MA1124.1","ZNF24_MA1124.1",161,"MA1124.1",74,"161_74"
"FOS::JUN(var.2)_MA1126.1","FOS::JUN(var.2)_MA1126.1",58,"MA1126.1",29,"58_29"
"FOSB::JUN_MA1127.1","FOSB::JUN_MA1127.1",58,"MA1127.1",7,"58_7"
"FOSL1::JUN_MA1128.1","FOSL1::JUN_MA1128.1",16,"MA1128.1",31,"16_31"
"FOSL1::JUN(var.2)_MA1129.1","FOSL1::JUN(var.2)_MA1129.1",58,"MA1129.1",7,"58_7"
"FOSL2::JUN_MA1130.1","FOSL2::JUN_MA1130.1",16,"MA1130.1",31,"16_31"
"FOSL2::JUN(var.2)_MA1131.1","FOSL2::JUN(var.2)_MA1131.1",58,"MA1131.1",7,"58_7"
"JUN::JUNB_MA1132.1","JUN::JUNB_MA1132.1",16,"MA1132.1",31,"16_31"
"JUN::JUNB(var.2)_MA1133.1","JUN::JUNB(var.2)_MA1133.1",58,"MA1133.1",27,"58_27"
"FOS::JUNB_MA1134.1","FOS::JUNB_MA1134.1",16,"MA1134.1",31,"16_31"
"FOSB::JUNB_MA1135.1","FOSB::JUNB_MA1135.1",16,"MA1135.1",31,"16_31"
"FOSB::JUNB(var.2)_MA1136.1","FOSB::JUNB(var.2)_MA1136.1",58,"MA1136.1",9,"58_9"
"FOSL1::JUNB_MA1137.1","FOSL1::JUNB_MA1137.1",16,"MA1137.1",31,"16_31"
"FOSL2::JUNB_MA1138.1","FOSL2::JUNB_MA1138.1",16,"MA1138.1",31,"16_31"
"FOSL2::JUNB(var.2)_MA1139.1","FOSL2::JUNB(var.2)_MA1139.1",58,"MA1139.1",52,"58_52"
"JUNB(var.2)_MA1140.2","JUNB(var.2)_MA1140.2",58,"MA1140.2",7,"58_7"
"FOS::JUND_MA1141.1","FOS::JUND_MA1141.1",16,"MA1141.1",31,"16_31"
"FOSL1::JUND_MA1142.1","FOSL1::JUND_MA1142.1",16,"MA1142.1",31,"16_31"
"FOSL1::JUND(var.2)_MA1143.1","FOSL1::JUND(var.2)_MA1143.1",58,"MA1143.1",7,"58_7"
"FOSL2::JUND_MA1144.1","FOSL2::JUND_MA1144.1",16,"MA1144.1",31,"16_31"
"FOSL2::JUND(var.2)_MA1145.1","FOSL2::JUND(var.2)_MA1145.1",58,"MA1145.1",7,"58_7"
"NR1H4::RXRA_MA1146.1","NR1H4::RXRA_MA1146.1",23,"MA1146.1",25,"23_25"
"PPARA::RXRA_MA1148.1","PPARA::RXRA_MA1148.1",114,"MA1148.1",1,"114_1"
"RARA::RXRG_MA1149.1","RARA::RXRG_MA1149.1",126,"MA1149.1",49,"126_49"
"RORB_MA1150.1","RORB_MA1150.1",31,"MA1150.1",22,"31_22"
"RORC_MA1151.1","RORC_MA1151.1",31,"MA1151.1",1,"31_1"
"SOX15_MA1152.1","SOX15_MA1152.1",19,"MA1152.1",41,"19_41"
"Smad4_MA1153.1","Smad4_MA1153.1",73,"MA1153.1",17,"73_17"
"ZSCAN4_MA1155.1","ZSCAN4_MA1155.1",175,"MA1155.1",3,"175_3"
"IRF3_MA1418.1","IRF3_MA1418.1",59,"MA1418.1",6,"59_6"
"IRF4_MA1419.1","IRF4_MA1419.1",59,"MA1419.1",75,"59_75"
"TCF7L1_MA1421.1","TCF7L1_MA1421.1",101,"MA1421.1",27,"101_27"
"atf-7_MA1438.1","atf-7_MA1438.1",58,"MA1438.1",7,"58_7"
"elt-6_MA1439.1","elt-6_MA1439.1",66,"MA1439.1",9,"66_9"
"fkh-9_MA1440.1","fkh-9_MA1440.1",3,"MA1440.1",47,"3_47"
"unc-30_MA1443.1","unc-30_MA1443.1",5,"MA1443.1",4,"5_4"
"daf-16_MA1446.1","daf-16_MA1446.1",3,"MA1446.1",36,"3_36"
"fos-1_MA1448.1","fos-1_MA1448.1",16,"MA1448.1",31,"16_31"
"nhr-6_MA1451.1","nhr-6_MA1451.1",71,"MA1451.1",39,"71_39"
"dmrt99B_MA1455.1","dmrt99B_MA1455.1",22,"MA1455.1",26,"22_26"
"grh_MA1457.1","grh_MA1457.1",26,"MA1457.1",11,"26_11"
"M1BP_MA1459.1","M1BP_MA1459.1",33,"MA1459.1",1,"33_1"
"pho_MA1460.1","pho_MA1460.1",43,"MA1460.1",2,"43_2"
"sv_MA1461.1","sv_MA1461.1",50,"MA1461.1",3,"50_3"
"vfl_MA1462.1","vfl_MA1462.1",55,"MA1462.1",36,"55_36"
"ARGFX_MA1463.1","ARGFX_MA1463.1",1,"MA1463.1",27,"1_27"
"ARNT2_MA1464.1","ARNT2_MA1464.1",28,"MA1464.1",2,"28_2"
"ATF6_MA1466.1","ATF6_MA1466.1",78,"MA1466.1",37,"78_37"
"ATOH1(var.2)_MA1467.1","ATOH1(var.2)_MA1467.1",46,"MA1467.1",19,"46_19"
"ATOH7_MA1468.1","ATOH7_MA1468.1",53,"MA1468.1",19,"53_19"
"BHLHA15(var.2)_MA1472.1","BHLHA15(var.2)_MA1472.1",46,"MA1472.1",19,"46_19"
"CDX4_MA1473.1","CDX4_MA1473.1",13,"MA1473.1",29,"13_29"
"CREB3L4_MA1474.1","CREB3L4_MA1474.1",78,"MA1474.1",2,"78_2"
"DMRTA2_MA1478.1","DMRTA2_MA1478.1",39,"MA1478.1",76,"39_76"
"DMRTC2_MA1479.1","DMRTC2_MA1479.1",39,"MA1479.1",62,"39_62"
"DPRX_MA1480.1","DPRX_MA1480.1",5,"MA1480.1",4,"5_4"
"DRGX_MA1481.1","DRGX_MA1481.1",1,"MA1481.1",1,"1_1"
"ELF2_MA1483.1","ELF2_MA1483.1",24,"MA1483.1",10,"24_10"
"ETS2_MA1484.1","ETS2_MA1484.1",24,"MA1484.1",10,"24_10"
"FERD3L_MA1485.1","FERD3L_MA1485.1",46,"MA1485.1",19,"46_19"
"FOXE1_MA1487.1","FOXE1_MA1487.1",3,"MA1487.1",13,"3_13"
"FOXN3_MA1489.1","FOXN3_MA1489.1",3,"MA1489.1",36,"3_36"
"GLI3_MA1491.1","GLI3_MA1491.1",91,"MA1491.1",1,"91_1"
"HES6_MA1493.1","HES6_MA1493.1",28,"MA1493.1",43,"28_43"
"HNF4A(var.2)_MA1494.1","HNF4A(var.2)_MA1494.1",96,"MA1494.1",37,"96_37"
"HOXA1_MA1495.1","HOXA1_MA1495.1",1,"MA1495.1",1,"1_1"
"HOXB7_MA1501.1","HOXB7_MA1501.1",1,"MA1501.1",37,"1_37"
"IKZF1_MA1508.1","IKZF1_MA1508.1",24,"MA1508.1",29,"24_29"
"IRF6_MA1509.1","IRF6_MA1509.1",99,"MA1509.1",6,"99_6"
"KLF10_MA1511.1","KLF10_MA1511.1",12,"MA1511.1",54,"12_54"
"KLF11_MA1512.1","KLF11_MA1512.1",12,"MA1512.1",54,"12_54"
"KLF15_MA1513.1","KLF15_MA1513.1",12,"MA1513.1",8,"12_8"
"KLF17_MA1514.1","KLF17_MA1514.1",100,"MA1514.1",1,"100_1"
"KLF2_MA1515.1","KLF2_MA1515.1",12,"MA1515.1",14,"12_14"
"KLF3_MA1516.1","KLF3_MA1516.1",12,"MA1516.1",4,"12_4"
"KLF6_MA1517.1","KLF6_MA1517.1",12,"MA1517.1",43,"12_43"
"MAF_MA1520.1","MAF_MA1520.1",16,"MA1520.1",71,"16_71"
"MAZ_MA1522.1","MAZ_MA1522.1",12,"MA1522.1",1,"12_1"
"MSANTD3_MA1523.1","MSANTD3_MA1523.1",57,"MA1523.1",33,"57_33"
"MSGN1_MA1524.1","MSGN1_MA1524.1",53,"MA1524.1",43,"53_43"
"NFATC4_MA1525.1","NFATC4_MA1525.1",109,"MA1525.1",9,"109_9"
"NFIC(var.2)_MA1527.1","NFIC(var.2)_MA1527.1",110,"MA1527.1",38,"110_38"
"NHLH2_MA1529.1","NHLH2_MA1529.1",112,"MA1529.1",19,"112_19"
"NR1D1_MA1531.1","NR1D1_MA1531.1",113,"MA1531.1",35,"113_35"
"NR1I2_MA1533.1","NR1I2_MA1533.1",116,"MA1533.1",20,"116_20"
"NR1I3_MA1534.1","NR1I3_MA1534.1",17,"MA1534.1",1,"17_1"
"NR2C1_MA1535.1","NR2C1_MA1535.1",71,"MA1535.1",1,"71_1"
"NR2C2(var.2)_MA1536.1","NR2C2(var.2)_MA1536.1",71,"MA1536.1",1,"71_1"
"NR2F6(var.3)_MA1539.1","NR2F6(var.3)_MA1539.1",23,"MA1539.1",67,"23_67"
"NR5A1_MA1540.1","NR5A1_MA1540.1",71,"MA1540.1",67,"71_67"
"OSR1_MA1542.1","OSR1_MA1542.1",36,"MA1542.1",1,"36_1"
"OVOL1_MA1544.1","OVOL1_MA1544.1",105,"MA1544.1",22,"105_22"
"OVOL2_MA1545.1","OVOL2_MA1545.1",105,"MA1545.1",22,"105_22"
"PAX3(var.2)_MA1546.1","PAX3(var.2)_MA1546.1",119,"MA1546.1",77,"119_77"
"PITX2_MA1547.1","PITX2_MA1547.1",5,"MA1547.1",4,"5_4"
"RXRG(var.2)_MA1556.1","RXRG(var.2)_MA1556.1",127,"MA1556.1",25,"127_25"
"SNAI1_MA1558.1","SNAI1_MA1558.1",46,"MA1558.1",19,"46_19"
"SNAI3_MA1559.1","SNAI3_MA1559.1",46,"MA1559.1",19,"46_19"
"SOHLH2_MA1560.1","SOHLH2_MA1560.1",28,"MA1560.1",2,"28_2"
"SOX12_MA1561.1","SOX12_MA1561.1",19,"MA1561.1",27,"19_27"
"SOX14_MA1562.1","SOX14_MA1562.1",19,"MA1562.1",1,"19_1"
"SOX18_MA1563.1","SOX18_MA1563.1",19,"MA1563.1",41,"19_41"
"SP9_MA1564.1","SP9_MA1564.1",12,"MA1564.1",28,"12_28"
"TBX18_MA1565.1","TBX18_MA1565.1",86,"MA1565.1",1,"86_1"
"TBX6_MA1567.1","TBX6_MA1567.1",86,"MA1567.1",1,"86_1"
"TCF21(var.2)_MA1568.1","TCF21(var.2)_MA1568.1",53,"MA1568.1",19,"53_19"
"TFAP4(var.2)_MA1570.1","TFAP4(var.2)_MA1570.1",53,"MA1570.1",43,"53_43"
"TGIF2LX_MA1571.1","TGIF2LX_MA1571.1",120,"MA1571.1",1,"120_1"
"TGIF2LY_MA1572.1","TGIF2LY_MA1572.1",120,"MA1572.1",62,"120_62"
"THRB(var.2)_MA1575.1","THRB(var.2)_MA1575.1",143,"MA1575.1",1,"143_1"
"THRB(var.3)_MA1576.1","THRB(var.3)_MA1576.1",115,"MA1576.1",8,"115_8"
"VEZF1_MA1578.1","VEZF1_MA1578.1",145,"MA1578.1",14,"145_14"
"ZBTB6_MA1581.1","ZBTB6_MA1581.1",150,"MA1581.1",6,"150_6"
"ZFP57_MA1583.1","ZFP57_MA1583.1",152,"MA1583.1",1,"152_1"
"ZIC5_MA1584.1","ZIC5_MA1584.1",38,"MA1584.1",50,"38_50"
"ZKSCAN1_MA1585.1","ZKSCAN1_MA1585.1",154,"MA1585.1",38,"154_38"
"ZNF135_MA1587.1","ZNF135_MA1587.1",156,"MA1587.1",1,"156_1"
"ZNF136_MA1588.1","ZNF136_MA1588.1",157,"MA1588.1",3,"157_3"
"ZNF274_MA1592.1","ZNF274_MA1592.1",163,"MA1592.1",1,"163_1"
"ZNF382_MA1594.1","ZNF382_MA1594.1",167,"MA1594.1",67,"167_67"
"ZNF460_MA1596.1","ZNF460_MA1596.1",156,"MA1596.1",1,"156_1"
"ZNF528_MA1597.1","ZNF528_MA1597.1",171,"MA1597.1",1,"171_1"
"ZNF684_MA1600.1","ZNF684_MA1600.1",173,"MA1600.1",26,"173_26"
"ZNF75D_MA1601.1","ZNF75D_MA1601.1",48,"MA1601.1",1,"48_1"
"Ebf2_MA1604.1","Ebf2_MA1604.1",84,"MA1604.1",78,"84_78"
"Foxf1_MA1606.1","Foxf1_MA1606.1",3,"MA1606.1",18,"3_18"
"Foxl2_MA1607.1","Foxl2_MA1607.1",3,"MA1607.1",58,"3_58"
"Plagl1_MA1615.1","Plagl1_MA1615.1",122,"MA1615.1",1,"122_1"
"Prdm15_MA1616.1","Prdm15_MA1616.1",124,"MA1616.1",1,"124_1"
"Ptf1a_MA1618.1","Ptf1a_MA1618.1",53,"MA1618.1",19,"53_19"
"Ptf1a(var.2)_MA1619.1","Ptf1a(var.2)_MA1619.1",46,"MA1619.1",19,"46_19"
"Ptf1a(var.3)_MA1620.1","Ptf1a(var.3)_MA1620.1",46,"MA1620.1",19,"46_19"
"Rbpjl_MA1621.1","Rbpjl_MA1621.1",46,"MA1621.1",19,"46_19"
"Smad2::Smad3_MA1622.1","Smad2::Smad3_MA1622.1",16,"MA1622.1",74,"16_74"
"Stat2_MA1623.1","Stat2_MA1623.1",59,"MA1623.1",27,"59_27"
"Stat5b_MA1625.1","Stat5b_MA1625.1",47,"MA1625.1",1,"47_1"
"Wt1_MA1627.1","Wt1_MA1627.1",145,"MA1627.1",1,"145_1"
"Zic1::Zic2_MA1628.1","Zic1::Zic2_MA1628.1",38,"MA1628.1",50,"38_50"
"Zic2_MA1629.1","Zic2_MA1629.1",38,"MA1629.1",50,"38_50"
"Znf281_MA1630.1","Znf281_MA1630.1",145,"MA1630.1",1,"145_1"
"ASCL1(var.2)_MA1631.1","ASCL1(var.2)_MA1631.1",46,"MA1631.1",19,"46_19"
"ATF2_MA1632.1","ATF2_MA1632.1",58,"MA1632.1",7,"58_7"
"BATF_MA1634.1","BATF_MA1634.1",16,"MA1634.1",31,"16_31"
"BHLHE22(var.2)_MA1635.1","BHLHE22(var.2)_MA1635.1",46,"MA1635.1",19,"46_19"
"EBF3_MA1637.1","EBF3_MA1637.1",84,"MA1637.1",78,"84_78"
"HAND2_MA1638.1","HAND2_MA1638.1",53,"MA1638.1",19,"53_19"
"MYF5_MA1641.1","MYF5_MA1641.1",46,"MA1641.1",19,"46_19"
"NEUROG2(var.2)_MA1642.1","NEUROG2(var.2)_MA1642.1",53,"MA1642.1",19,"53_19"
"NFIB_MA1643.1","NFIB_MA1643.1",110,"MA1643.1",38,"110_38"
"NFYC_MA1644.1","NFYC_MA1644.1",37,"MA1644.1",8,"37_8"
"NKX2-2_MA1645.1","NKX2-2_MA1645.1",57,"MA1645.1",79,"57_79"
"OSR2_MA1646.1","OSR2_MA1646.1",36,"MA1646.1",41,"36_41"
"PRDM4_MA1647.1","PRDM4_MA1647.1",40,"MA1647.1",11,"40_11"
"TCF12(var.2)_MA1648.1","TCF12(var.2)_MA1648.1",46,"MA1648.1",19,"46_19"
"ZBTB12_MA1649.1","ZBTB12_MA1649.1",68,"MA1649.1",1,"68_1"
"ZBTB14_MA1650.1","ZBTB14_MA1650.1",147,"MA1650.1",2,"147_2"
"ZFP42_MA1651.1","ZFP42_MA1651.1",43,"MA1651.1",1,"43_1"
"ZNF148_MA1653.1","ZNF148_MA1653.1",12,"MA1653.1",1,"12_1"
"ZNF16_MA1654.1","ZNF16_MA1654.1",160,"MA1654.1",38,"160_38"
"ZNF341_MA1655.1","ZNF341_MA1655.1",166,"MA1655.1",26,"166_26"
"ZNF449_MA1656.1","ZNF449_MA1656.1",170,"MA1656.1",38,"170_38"
"ZNF652_MA1657.1","ZNF652_MA1657.1",32,"MA1657.1",35,"32_35"
"FOXA3_MA1683.1","FOXA3_MA1683.1",3,"MA1683.1",18,"3_18"
"ceh-38_MA1699.1","ceh-38_MA1699.1",6,"MA1699.1",37,"6_37"
"Clamp_MA1700.1","Clamp_MA1700.1",15,"MA1700.1",1,"15_1"
"elt-2_MA1701.1","elt-2_MA1701.1",66,"MA1701.1",14,"66_14"
"Pdp1_MA1702.1","Pdp1_MA1702.1",42,"MA1702.1",9,"42_9"
"pqm-1_MA1703.1","pqm-1_MA1703.1",66,"MA1703.1",43,"66_43"
"zip-8_MA1704.1","zip-8_MA1704.1",58,"MA1704.1",7,"58_7"
