"","ID","clust"
"abd-A_MA0206.1","abd-A_MA0206.1",1
"Abd-B_MA0165.1","Abd-B_MA0165.1",1
"achi_MA0207.1","achi_MA0207.1",2
"al_MA0208.1","al_MA0208.1",1
"Antp_MA0166.1","Antp_MA0166.1",1
"ap_MA0209.1","ap_MA0209.1",1
"ara_MA0210.1","ara_MA0210.1",3
"Awh_MA0167.1","Awh_MA0167.1",1
"B-H1_MA0168.1","B-H1_MA0168.1",1
"B-H2_MA0169.1","B-H2_MA0169.1",1
"bap_MA0211.1","bap_MA0211.1",4
"bcd_MA0212.1","bcd_MA0212.1",5
"BEAF-32_MA0529.2","BEAF-32_MA0529.2",6
"Bgb::run_MA0242.1","Bgb::run_MA0242.1",7
"br_MA0010.1","br_MA0010.1",8
"br(var.2)_MA0011.1","br(var.2)_MA0011.1",9
"br(var.3)_MA0012.1","br(var.3)_MA0012.1",10
"br(var.4)_MA0013.1","br(var.4)_MA0013.1",3
"brk_MA0213.1","brk_MA0213.1",11
"bsh_MA0214.1","bsh_MA0214.1",1
"btd_MA0443.1","btd_MA0443.1",12
"btn_MA0215.1","btn_MA0215.1",1
"C15_MA0170.1","C15_MA0170.1",1
"cad_MA0216.2","cad_MA0216.2",13
"caup_MA0217.1","caup_MA0217.1",3
"Cf2_MA0015.1","Cf2_MA0015.1",14
"CG11085_MA0171.1","CG11085_MA0171.1",1
"CG11294_MA0172.1","CG11294_MA0172.1",1
"CG11617_MA0173.1","CG11617_MA0173.1",3
"CG15696-RA_MA0176.1","CG15696-RA_MA0176.1",1
"CG18599_MA0177.1","CG18599_MA0177.1",1
"CG32105_MA0178.1","CG32105_MA0178.1",1
"CG32532_MA0179.1","CG32532_MA0179.1",1
"CG34031_MA0444.1","CG34031_MA0444.1",1
"CG4328-RA_MA0182.1","CG4328-RA_MA0182.1",1
"CG9876_MA0184.1","CG9876_MA0184.1",1
"Clamp_MA1700.1","Clamp_MA1700.1",15
"cnc::maf-S_MA0530.1","cnc::maf-S_MA0530.1",16
"ct_MA0218.1","ct_MA0218.1",17
"CTCF_MA0531.1","CTCF_MA0531.1",18
"D_MA0445.1","D_MA0445.1",19
"Dbx_MA0174.1","Dbx_MA0174.1",1
"Deaf1_MA0185.1","Deaf1_MA0185.1",20
"Dfd_MA0186.1","Dfd_MA0186.1",1
"dl_MA0022.1","dl_MA0022.1",21
"dl(var.2)_MA0023.1","dl(var.2)_MA0023.1",21
"Dll_MA0187.1","Dll_MA0187.1",1
"dmrt99B_MA1455.1","dmrt99B_MA1455.1",22
"Dr_MA0188.1","Dr_MA0188.1",1
"Dref_MA1456.1","Dref_MA1456.1",6
"dve_MA0915.1","dve_MA0915.1",5
"E5_MA0189.1","E5_MA0189.1",1
"EcR::usp_MA0534.1","EcR::usp_MA0534.1",23
"Eip74EF_MA0026.1","Eip74EF_MA0026.1",24
"ems_MA0219.1","ems_MA0219.1",1
"en_MA0220.1","en_MA0220.1",1
"Ets21C_MA0916.1","Ets21C_MA0916.1",24
"eve_MA0221.1","eve_MA0221.1",1
"exd_MA0222.1","exd_MA0222.1",2
"exex_MA0224.1","exex_MA0224.1",1
"fkh_MA0446.1","fkh_MA0446.1",3
"ftz_MA0225.1","ftz_MA0225.1",1
"gcm2_MA0917.1","gcm2_MA0917.1",25
"grh_MA1457.1","grh_MA1457.1",26
"Gsc_MA0190.1","Gsc_MA0190.1",5
"gt_MA0447.1","gt_MA0447.1",27
"h_MA0449.1","h_MA0449.1",28
"H2.0_MA0448.1","H2.0_MA0448.1",1
"hb_MA0049.1","hb_MA0049.1",29
"hbn_MA0226.1","hbn_MA0226.1",1
"HGTX_MA0191.1","HGTX_MA0191.1",1
"HHEX_MA0183.1","HHEX_MA0183.1",1
"hkb_MA0450.1","hkb_MA0450.1",12
"Hmx_MA0192.1","Hmx_MA0192.1",1
"Hsf_MA1458.1","Hsf_MA1458.1",30
"hth_MA0227.1","hth_MA0227.1",2
"ind_MA0228.1","ind_MA0228.1",1
"inv_MA0229.1","inv_MA0229.1",1
"kni_MA0451.1","kni_MA0451.1",31
"Kr_MA0452.2","Kr_MA0452.2",32
"lab_MA0230.1","lab_MA0230.1",1
"lbe_MA0231.1","lbe_MA0231.1",1
"lbl_MA0232.1","lbl_MA0232.1",1
"Lim1_MA0194.1","Lim1_MA0194.1",1
"Lim3_MA0195.1","Lim3_MA0195.1",1
"lms_MA0175.1","lms_MA0175.1",1
"M1BP_MA1459.1","M1BP_MA1459.1",33
"Mad_MA0535.1","Mad_MA0535.1",34
"mirr_MA0233.1","mirr_MA0233.1",3
"NK7.1_MA0196.1","NK7.1_MA0196.1",1
"nub_MA0197.2","nub_MA0197.2",35
"oc_MA0234.1","oc_MA0234.1",5
"odd_MA0454.1","odd_MA0454.1",36
"OdsH_MA0198.1","OdsH_MA0198.1",1
"onecut_MA0235.1","onecut_MA0235.1",37
"opa_MA0456.1","opa_MA0456.1",38
"Optix_MA0199.1","Optix_MA0199.1",39
"otp_MA0236.1","otp_MA0236.1",1
"ovo_MA0126.1","ovo_MA0126.1",40
"pan_MA0237.2","pan_MA0237.2",41
"pb_MA0238.1","pb_MA0238.1",1
"Pdp1_MA1702.1","Pdp1_MA1702.1",42
"PHDP_MA0457.1","PHDP_MA0457.1",1
"pho_MA1460.1","pho_MA1460.1",43
"pnr_MA0536.1","pnr_MA0536.1",6
"Pph13_MA0200.1","Pph13_MA0200.1",1
"prd_MA0239.1","prd_MA0239.1",40
"Ptx1_MA0201.1","Ptx1_MA0201.1",5
"repo_MA0240.1","repo_MA0240.1",1
"ro_MA0241.1","ro_MA0241.1",1
"Rx_MA0202.1","Rx_MA0202.1",1
"schlank_MA0193.1","schlank_MA0193.1",44
"Scr_MA0203.1","Scr_MA0203.1",1
"sd_MA0243.1","sd_MA0243.1",45
"Six4_MA0204.1","Six4_MA0204.1",39
"slbo_MA0244.1","slbo_MA0244.1",42
"slou_MA0245.1","slou_MA0245.1",1
"slp1_MA0458.1","slp1_MA0458.1",3
"sna_MA0086.2","sna_MA0086.2",46
"so_MA0246.1","so_MA0246.1",39
"Stat92E_MA0532.1","Stat92E_MA0532.1",47
"Su(H)_MA0085.1","Su(H)_MA0085.1",48
"su(Hw)_MA0533.1","su(Hw)_MA0533.1",49
"sv_MA1461.1","sv_MA1461.1",50
"tin_MA0247.2","tin_MA0247.2",4
"tll_MA0459.1","tll_MA0459.1",51
"Trl_MA0205.2","Trl_MA0205.2",15
"ttk_MA0460.1","ttk_MA0460.1",52
"tup_MA0248.1","tup_MA0248.1",1
"twi_MA0249.2","twi_MA0249.2",53
"Ubx_MA0094.2","Ubx_MA0094.2",1
"unc-4_MA0250.1","unc-4_MA0250.1",1
"unpg_MA0251.1","unpg_MA0251.1",1
"usp_MA0016.1","usp_MA0016.1",54
"vfl_MA1462.1","vfl_MA1462.1",55
"vis_MA0252.1","vis_MA0252.1",2
"vnd_MA0253.1","vnd_MA0253.1",4
"Vsx1_MA0181.1","Vsx1_MA0181.1",1
"Vsx2_MA0180.1","Vsx2_MA0180.1",1
"vvl_MA0254.1","vvl_MA0254.1",56
"z_MA0255.1","z_MA0255.1",57
"zen_MA0256.1","zen_MA0256.1",1
"zen2_MA0257.1","zen2_MA0257.1",1
"atf-7_MA1438.1","atf-7_MA1438.1",58
"blmp-1_MA0537.1","blmp-1_MA0537.1",59
"cebp-1_MA1444.1","cebp-1_MA1444.1",60
"ceh-10::ttx-3_MA0263.1","ceh-10::ttx-3_MA0263.1",61
"ceh-22_MA0264.1","ceh-22_MA0264.1",4
"ceh-28_MA1445.1","ceh-28_MA1445.1",6
"ceh-38_MA1699.1","ceh-38_MA1699.1",6
"ceh-48_MA0921.1","ceh-48_MA0921.1",6
"ces-2_MA0922.1","ces-2_MA0922.1",27
"che-1_MA0260.1","che-1_MA0260.1",62
"daf-12_MA0538.1","daf-12_MA0538.1",63
"daf-16_MA1446.1","daf-16_MA1446.1",3
"dpy-27_MA0540.1","dpy-27_MA0540.1",64
"dsc-1_MA0919.1","dsc-1_MA0919.1",1
"efl-1_MA0541.1","efl-1_MA0541.1",65
"elt-2_MA1701.1","elt-2_MA1701.1",66
"elt-3_MA0542.1","elt-3_MA0542.1",66
"elt-6_MA1439.1","elt-6_MA1439.1",66
"eor-1_MA0543.1","eor-1_MA0543.1",67
"fkh-2_MA0920.1","fkh-2_MA0920.1",3
"fkh-9_MA1440.1","fkh-9_MA1440.1",3
"fos-1_MA1448.1","fos-1_MA1448.1",16
"hlh-1_MA0545.1","hlh-1_MA0545.1",46
"hlh-30_MA1449.1","hlh-30_MA1449.1",28
"lim-4_MA0923.1","lim-4_MA0923.1",1
"lim-7_MA1441.1","lim-7_MA1441.1",1
"lin-14_MA0261.1","lin-14_MA0261.1",68
"lin-54_MA1450.1","lin-54_MA1450.1",69
"mab-3_MA0262.1","mab-3_MA0262.1",70
"mab-5_MA1442.1","mab-5_MA1442.1",1
"nhr-6_MA1451.1","nhr-6_MA1451.1",71
"pal-1_MA0924.1","pal-1_MA0924.1",1
"pha-4_MA0546.1","pha-4_MA0546.1",3
"pqm-1_MA1703.1","pqm-1_MA1703.1",66
"skn-1_MA0547.1","skn-1_MA0547.1",72
"sma-4_MA0925.1","sma-4_MA0925.1",73
"snpc-4_MA0544.1","snpc-4_MA0544.1",74
"unc-30_MA1443.1","unc-30_MA1443.1",5
"unc-62_MA0918.1","unc-62_MA0918.1",2
"unc-86_MA0926.1","unc-86_MA0926.1",56
"vab-7_MA0927.1","vab-7_MA0927.1",1
"zfh-2_MA0928.1","zfh-2_MA0928.1",1
"zip-8_MA1704.1","zip-8_MA1704.1",58
"Ahr::Arnt_MA0006.1","Ahr::Arnt_MA0006.1",75
"Alx1_MA0854.1","Alx1_MA0854.1",1
"ALX3_MA0634.1","ALX3_MA0634.1",1
"Alx4_MA0853.1","Alx4_MA0853.1",1
"Ar_MA0007.3","Ar_MA0007.3",76
"ARGFX_MA1463.1","ARGFX_MA1463.1",1
"Arid3a_MA0151.1","Arid3a_MA0151.1",1
"Arid3b_MA0601.1","Arid3b_MA0601.1",1
"Arid5a_MA0602.1","Arid5a_MA0602.1",77
"Arnt_MA0004.1","Arnt_MA0004.1",28
"ARNT::HIF1A_MA0259.1","ARNT::HIF1A_MA0259.1",28
"ARNT2_MA1464.1","ARNT2_MA1464.1",28
"Arntl_MA0603.1","Arntl_MA0603.1",28
"Arx_MA0874.1","Arx_MA0874.1",1
"ASCL1_MA1100.2","ASCL1_MA1100.2",46
"ASCL1(var.2)_MA1631.1","ASCL1(var.2)_MA1631.1",46
"Ascl2_MA0816.1","Ascl2_MA0816.1",46
"Atf1_MA0604.1","Atf1_MA0604.1",58
"ATF2_MA1632.1","ATF2_MA1632.1",58
"ATF3_MA0605.2","ATF3_MA0605.2",58
"ATF4_MA0833.2","ATF4_MA0833.2",42
"ATF6_MA1466.1","ATF6_MA1466.1",78
"ATF7_MA0834.1","ATF7_MA0834.1",58
"Atoh1_MA0461.2","Atoh1_MA0461.2",53
"ATOH1(var.2)_MA1467.1","ATOH1(var.2)_MA1467.1",46
"ATOH7_MA1468.1","ATOH7_MA1468.1",53
"BACH1_MA1633.1","BACH1_MA1633.1",16
"Bach1::Mafk_MA0591.1","Bach1::Mafk_MA0591.1",16
"BACH2_MA1101.2","BACH2_MA1101.2",16
"BACH2(var.2)_MA1470.1","BACH2(var.2)_MA1470.1",58
"BARHL1_MA0877.2","BARHL1_MA0877.2",79
"BARHL2_MA0635.1","BARHL2_MA0635.1",79
"BARX1_MA0875.1","BARX1_MA0875.1",1
"BARX2_MA1471.1","BARX2_MA1471.1",1
"BATF_MA1634.1","BATF_MA1634.1",16
"BATF::JUN_MA0462.2","BATF::JUN_MA0462.2",16
"BATF3_MA0835.2","BATF3_MA0835.2",16
"BCL6_MA0463.2","BCL6_MA0463.2",47
"BCL6B_MA0731.1","BCL6B_MA0731.1",47
"Bhlha15_MA0607.1","Bhlha15_MA0607.1",53
"BHLHA15(var.2)_MA1472.1","BHLHA15(var.2)_MA1472.1",46
"BHLHE22_MA0818.1","BHLHE22_MA0818.1",53
"BHLHE22(var.2)_MA1635.1","BHLHE22(var.2)_MA1635.1",46
"BHLHE23_MA0817.1","BHLHE23_MA0817.1",53
"BHLHE40_MA0464.2","BHLHE40_MA0464.2",28
"BHLHE41_MA0636.1","BHLHE41_MA0636.1",28
"BSX_MA0876.1","BSX_MA0876.1",1
"CDX1_MA0878.2","CDX1_MA0878.2",13
"CDX2_MA0465.2","CDX2_MA0465.2",13
"CDX4_MA1473.1","CDX4_MA1473.1",13
"CEBPA_MA0102.4","CEBPA_MA0102.4",42
"CEBPB_MA0466.2","CEBPB_MA0466.2",42
"CEBPD_MA0836.2","CEBPD_MA0836.2",42
"CEBPE_MA0837.1","CEBPE_MA0837.1",42
"CEBPG_MA0838.1","CEBPG_MA0838.1",42
"CEBPG(var.2)_MA1636.1","CEBPG(var.2)_MA1636.1",42
"CENPB_MA0637.1","CENPB_MA0637.1",80
"CLOCK_MA0819.1","CLOCK_MA0819.1",28
"CREB1_MA0018.4","CREB1_MA0018.4",58
"CREB3_MA0638.1","CREB3_MA0638.1",78
"CREB3L1_MA0839.1","CREB3L1_MA0839.1",78
"Creb3l2_MA0608.1","Creb3l2_MA0608.1",28
"CREB3L4_MA1474.1","CREB3L4_MA1474.1",78
"CREB3L4(var.2)_MA1475.1","CREB3L4(var.2)_MA1475.1",58
"Creb5_MA0840.1","Creb5_MA0840.1",58
"CREM_MA0609.2","CREM_MA0609.2",58
"Crx_MA0467.1","Crx_MA0467.1",5
"CTCF_MA0139.1","CTCF_MA0139.1",18
"CTCFL_MA1102.2","CTCFL_MA1102.2",81
"CUX1_MA0754.1","CUX1_MA0754.1",6
"CUX2_MA0755.1","CUX2_MA0755.1",6
"DBP_MA0639.1","DBP_MA0639.1",27
"Ddit3::Cebpa_MA0019.1","Ddit3::Cebpa_MA0019.1",82
"Dlx1_MA0879.1","Dlx1_MA0879.1",1
"Dlx2_MA0885.1","Dlx2_MA0885.1",1
"Dlx3_MA0880.1","Dlx3_MA0880.1",1
"Dlx4_MA0881.1","Dlx4_MA0881.1",1
"DLX5_MA1476.1","DLX5_MA1476.1",1
"DLX6_MA0882.1","DLX6_MA0882.1",1
"Dmbx1_MA0883.1","Dmbx1_MA0883.1",5
"Dmrt1_MA1603.1","Dmrt1_MA1603.1",22
"DMRT3_MA0610.1","DMRT3_MA0610.1",39
"DMRTA2_MA1478.1","DMRTA2_MA1478.1",39
"DMRTC2_MA1479.1","DMRTC2_MA1479.1",39
"DPRX_MA1480.1","DPRX_MA1480.1",5
"DRGX_MA1481.1","DRGX_MA1481.1",1
"Dux_MA0611.1","Dux_MA0611.1",37
"DUX4_MA0468.1","DUX4_MA0468.1",83
"DUXA_MA0884.1","DUXA_MA0884.1",83
"E2F1_MA0024.3","E2F1_MA0024.3",11
"E2F2_MA0864.2","E2F2_MA0864.2",11
"E2F3_MA0469.3","E2F3_MA0469.3",11
"E2F4_MA0470.2","E2F4_MA0470.2",11
"E2F6_MA0471.2","E2F6_MA0471.2",65
"E2F7_MA0758.1","E2F7_MA0758.1",65
"E2F8_MA0865.1","E2F8_MA0865.1",65
"EBF1_MA0154.4","EBF1_MA0154.4",84
"Ebf2_MA1604.1","Ebf2_MA1604.1",84
"EBF3_MA1637.1","EBF3_MA1637.1",84
"EGR1_MA0162.4","EGR1_MA0162.4",85
"EGR2_MA0472.2","EGR2_MA0472.2",85
"EGR3_MA0732.1","EGR3_MA0732.1",85
"EGR4_MA0733.1","EGR4_MA0733.1",85
"EHF_MA0598.3","EHF_MA0598.3",24
"ELF1_MA0473.3","ELF1_MA0473.3",24
"ELF2_MA1483.1","ELF2_MA1483.1",24
"ELF3_MA0640.2","ELF3_MA0640.2",24
"ELF4_MA0641.1","ELF4_MA0641.1",24
"ELF5_MA0136.2","ELF5_MA0136.2",24
"ELK1_MA0028.2","ELK1_MA0028.2",24
"ELK3_MA0759.1","ELK3_MA0759.1",24
"ELK4_MA0076.2","ELK4_MA0076.2",24
"EMX1_MA0612.2","EMX1_MA0612.2",1
"EMX2_MA0886.1","EMX2_MA0886.1",1
"EN1_MA0027.2","EN1_MA0027.2",1
"EN2_MA0642.1","EN2_MA0642.1",1
"EOMES_MA0800.1","EOMES_MA0800.1",86
"ERF_MA0760.1","ERF_MA0760.1",24
"ERG_MA0474.2","ERG_MA0474.2",24
"ESR1_MA0112.3","ESR1_MA0112.3",87
"ESR2_MA0258.2","ESR2_MA0258.2",87
"ESRRA_MA0592.3","ESRRA_MA0592.3",71
"ESRRB_MA0141.3","ESRRB_MA0141.3",71
"Esrrg_MA0643.1","Esrrg_MA0643.1",71
"ESX1_MA0644.1","ESX1_MA0644.1",1
"ETS1_MA0098.3","ETS1_MA0098.3",24
"ETS2_MA1484.1","ETS2_MA1484.1",24
"ETV1_MA0761.2","ETV1_MA0761.2",24
"ETV2_MA0762.1","ETV2_MA0762.1",24
"ETV3_MA0763.1","ETV3_MA0763.1",24
"ETV4_MA0764.2","ETV4_MA0764.2",24
"ETV5_MA0765.2","ETV5_MA0765.2",24
"ETV6_MA0645.1","ETV6_MA0645.1",24
"EVX1_MA0887.1","EVX1_MA0887.1",1
"EVX2_MA0888.1","EVX2_MA0888.1",1
"EWSR1-FLI1_MA0149.1","EWSR1-FLI1_MA0149.1",88
"FERD3L_MA1485.1","FERD3L_MA1485.1",46
"FEV_MA0156.2","FEV_MA0156.2",24
"FIGLA_MA0820.1","FIGLA_MA0820.1",46
"FLI1_MA0475.2","FLI1_MA0475.2",24
"FOS_MA0476.1","FOS_MA0476.1",16
"FOS::JUN_MA0099.3","FOS::JUN_MA0099.3",16
"FOS::JUN(var.2)_MA1126.1","FOS::JUN(var.2)_MA1126.1",58
"FOS::JUNB_MA1134.1","FOS::JUNB_MA1134.1",16
"FOS::JUND_MA1141.1","FOS::JUND_MA1141.1",16
"FOSB::JUN_MA1127.1","FOSB::JUN_MA1127.1",58
"FOSB::JUNB_MA1135.1","FOSB::JUNB_MA1135.1",16
"FOSB::JUNB(var.2)_MA1136.1","FOSB::JUNB(var.2)_MA1136.1",58
"FOSL1_MA0477.2","FOSL1_MA0477.2",16
"FOSL1::JUN_MA1128.1","FOSL1::JUN_MA1128.1",16
"FOSL1::JUN(var.2)_MA1129.1","FOSL1::JUN(var.2)_MA1129.1",58
"FOSL1::JUNB_MA1137.1","FOSL1::JUNB_MA1137.1",16
"FOSL1::JUND_MA1142.1","FOSL1::JUND_MA1142.1",16
"FOSL1::JUND(var.2)_MA1143.1","FOSL1::JUND(var.2)_MA1143.1",58
"FOSL2_MA0478.1","FOSL2_MA0478.1",16
"FOSL2::JUN_MA1130.1","FOSL2::JUN_MA1130.1",16
"FOSL2::JUN(var.2)_MA1131.1","FOSL2::JUN(var.2)_MA1131.1",58
"FOSL2::JUNB_MA1138.1","FOSL2::JUNB_MA1138.1",16
"FOSL2::JUNB(var.2)_MA1139.1","FOSL2::JUNB(var.2)_MA1139.1",58
"FOSL2::JUND_MA1144.1","FOSL2::JUND_MA1144.1",16
"FOSL2::JUND(var.2)_MA1145.1","FOSL2::JUND(var.2)_MA1145.1",58
"FOXA1_MA0148.4","FOXA1_MA0148.4",3
"FOXA2_MA0047.3","FOXA2_MA0047.3",3
"FOXA3_MA1683.1","FOXA3_MA1683.1",3
"FOXB1_MA0845.1","FOXB1_MA0845.1",3
"FOXC1_MA0032.2","FOXC1_MA0032.2",3
"FOXC2_MA0846.1","FOXC2_MA0846.1",3
"FOXD1_MA0031.1","FOXD1_MA0031.1",3
"FOXD2_MA0847.2","FOXD2_MA0847.2",3
"Foxd3_MA0041.1","Foxd3_MA0041.1",3
"FOXE1_MA1487.1","FOXE1_MA1487.1",3
"Foxf1_MA1606.1","Foxf1_MA1606.1",3
"FOXF2_MA0030.1","FOXF2_MA0030.1",3
"FOXG1_MA0613.1","FOXG1_MA0613.1",3
"FOXH1_MA0479.1","FOXH1_MA0479.1",89
"FOXI1_MA0042.2","FOXI1_MA0042.2",3
"Foxj2_MA0614.1","Foxj2_MA0614.1",3
"Foxj3_MA0851.1","Foxj3_MA0851.1",3
"FOXK1_MA0852.2","FOXK1_MA0852.2",3
"FOXK2_MA1103.2","FOXK2_MA1103.2",3
"FOXL1_MA0033.2","FOXL1_MA0033.2",3
"Foxl2_MA1607.1","Foxl2_MA1607.1",3
"FOXN3_MA1489.1","FOXN3_MA1489.1",3
"Foxo1_MA0480.1","Foxo1_MA0480.1",3
"FOXO3_MA0157.2","FOXO3_MA0157.2",3
"FOXO4_MA0848.1","FOXO4_MA0848.1",3
"FOXO6_MA0849.1","FOXO6_MA0849.1",3
"FOXP1_MA0481.3","FOXP1_MA0481.3",3
"FOXP2_MA0593.1","FOXP2_MA0593.1",3
"FOXP3_MA0850.1","FOXP3_MA0850.1",3
"Foxq1_MA0040.1","Foxq1_MA0040.1",3
"GABPA_MA0062.3","GABPA_MA0062.3",24
"GATA1_MA0035.4","GATA1_MA0035.4",66
"GATA1::TAL1_MA0140.2","GATA1::TAL1_MA0140.2",66
"GATA2_MA0036.3","GATA2_MA0036.3",66
"GATA3_MA0037.3","GATA3_MA0037.3",66
"GATA4_MA0482.2","GATA4_MA0482.2",66
"GATA5_MA0766.2","GATA5_MA0766.2",66
"GATA6_MA1104.2","GATA6_MA1104.2",66
"GBX1_MA0889.1","GBX1_MA0889.1",1
"GBX2_MA0890.1","GBX2_MA0890.1",1
"GCM1_MA0646.1","GCM1_MA0646.1",25
"GCM2_MA0767.1","GCM2_MA0767.1",25
"GFI1_MA0038.2","GFI1_MA0038.2",90
"Gfi1b_MA0483.1","Gfi1b_MA0483.1",90
"GLI2_MA0734.2","GLI2_MA0734.2",91
"GLI3_MA1491.1","GLI3_MA1491.1",91
"GLIS1_MA0735.1","GLIS1_MA0735.1",91
"GLIS2_MA0736.1","GLIS2_MA0736.1",91
"GLIS3_MA0737.1","GLIS3_MA0737.1",91
"Gmeb1_MA0615.1","Gmeb1_MA0615.1",27
"GMEB2_MA0862.1","GMEB2_MA0862.1",27
"GRHL1_MA0647.1","GRHL1_MA0647.1",26
"GRHL2_MA1105.2","GRHL2_MA1105.2",26
"GSC_MA0648.1","GSC_MA0648.1",5
"GSC2_MA0891.1","GSC2_MA0891.1",5
"GSX1_MA0892.1","GSX1_MA0892.1",1
"GSX2_MA0893.2","GSX2_MA0893.2",1
"Hand1::Tcf3_MA0092.1","Hand1::Tcf3_MA0092.1",30
"HAND2_MA1638.1","HAND2_MA1638.1",53
"HES1_MA1099.2","HES1_MA1099.2",28
"HES2_MA0616.2","HES2_MA0616.2",28
"HES5_MA0821.1","HES5_MA0821.1",28
"HES6_MA1493.1","HES6_MA1493.1",28
"HES7_MA0822.1","HES7_MA0822.1",28
"HESX1_MA0894.1","HESX1_MA0894.1",1
"HEY1_MA0823.1","HEY1_MA0823.1",28
"HEY2_MA0649.1","HEY2_MA0649.1",28
"Hic1_MA0739.1","Hic1_MA0739.1",92
"HIC2_MA0738.1","HIC2_MA0738.1",92
"HIF1A_MA1106.1","HIF1A_MA1106.1",28
"HINFP_MA0131.2","HINFP_MA0131.2",93
"HLF_MA0043.3","HLF_MA0043.3",42
"HLTF_MA0109.1","HLTF_MA0109.1",94
"HMBOX1_MA0895.1","HMBOX1_MA0895.1",1
"Hmx1_MA0896.1","Hmx1_MA0896.1",1
"Hmx2_MA0897.1","Hmx2_MA0897.1",1
"Hmx3_MA0898.1","Hmx3_MA0898.1",1
"HNF1A_MA0046.2","HNF1A_MA0046.2",95
"HNF1B_MA0153.2","HNF1B_MA0153.2",95
"HNF4A_MA0114.4","HNF4A_MA0114.4",51
"HNF4A(var.2)_MA1494.1","HNF4A(var.2)_MA1494.1",96
"HNF4G_MA0484.2","HNF4G_MA0484.2",51
"HOXA1_MA1495.1","HOXA1_MA1495.1",1
"HOXA10_MA0899.1","HOXA10_MA0899.1",13
"Hoxa11_MA0911.1","Hoxa11_MA0911.1",97
"HOXA13_MA0650.2","HOXA13_MA0650.2",13
"HOXA2_MA0900.2","HOXA2_MA0900.2",1
"HOXA4_MA1496.1","HOXA4_MA1496.1",1
"HOXA5_MA0158.2","HOXA5_MA0158.2",1
"HOXA6_MA1497.1","HOXA6_MA1497.1",1
"HOXA7_MA1498.1","HOXA7_MA1498.1",1
"HOXA9_MA0594.2","HOXA9_MA0594.2",97
"HOXB13_MA0901.2","HOXB13_MA0901.2",13
"HOXB2_MA0902.2","HOXB2_MA0902.2",1
"HOXB3_MA0903.1","HOXB3_MA0903.1",1
"HOXB4_MA1499.1","HOXB4_MA1499.1",1
"HOXB5_MA0904.2","HOXB5_MA0904.2",1
"HOXB6_MA1500.1","HOXB6_MA1500.1",1
"HOXB7_MA1501.1","HOXB7_MA1501.1",1
"HOXB8_MA1502.1","HOXB8_MA1502.1",1
"HOXB9_MA1503.1","HOXB9_MA1503.1",97
"HOXC10_MA0905.1","HOXC10_MA0905.1",97
"HOXC11_MA0651.1","HOXC11_MA0651.1",97
"HOXC12_MA0906.1","HOXC12_MA0906.1",97
"HOXC13_MA0907.1","HOXC13_MA0907.1",97
"HOXC4_MA1504.1","HOXC4_MA1504.1",1
"HOXC8_MA1505.1","HOXC8_MA1505.1",1
"HOXC9_MA0485.2","HOXC9_MA0485.2",97
"HOXD10_MA1506.1","HOXD10_MA1506.1",97
"HOXD11_MA0908.1","HOXD11_MA0908.1",97
"HOXD12_MA0873.1","HOXD12_MA0873.1",97
"HOXD13_MA0909.2","HOXD13_MA0909.2",13
"HOXD3_MA0912.2","HOXD3_MA0912.2",1
"HOXD4_MA1507.1","HOXD4_MA1507.1",1
"HOXD8_MA0910.2","HOXD8_MA0910.2",1
"HOXD9_MA0913.2","HOXD9_MA0913.2",13
"HSF1_MA0486.2","HSF1_MA0486.2",98
"HSF2_MA0770.1","HSF2_MA0770.1",98
"HSF4_MA0771.1","HSF4_MA0771.1",98
"IKZF1_MA1508.1","IKZF1_MA1508.1",24
"INSM1_MA0155.1","INSM1_MA0155.1",81
"IRF1_MA0050.2","IRF1_MA0050.2",59
"IRF2_MA0051.1","IRF2_MA0051.1",59
"IRF3_MA1418.1","IRF3_MA1418.1",59
"IRF4_MA1419.1","IRF4_MA1419.1",59
"IRF5_MA1420.1","IRF5_MA1420.1",59
"IRF6_MA1509.1","IRF6_MA1509.1",99
"IRF7_MA0772.1","IRF7_MA0772.1",59
"IRF8_MA0652.1","IRF8_MA0652.1",59
"IRF9_MA0653.1","IRF9_MA0653.1",59
"Isl1_MA1608.1","Isl1_MA1608.1",1
"ISL2_MA0914.1","ISL2_MA0914.1",4
"ISX_MA0654.1","ISX_MA0654.1",1
"JDP2_MA0655.1","JDP2_MA0655.1",16
"JDP2(var.2)_MA0656.1","JDP2(var.2)_MA0656.1",58
"JUN_MA0488.1","JUN_MA0488.1",58
"JUN::JUNB_MA1132.1","JUN::JUNB_MA1132.1",16
"JUN::JUNB(var.2)_MA1133.1","JUN::JUNB(var.2)_MA1133.1",58
"JUN(var.2)_MA0489.1","JUN(var.2)_MA0489.1",16
"JUNB_MA0490.2","JUNB_MA0490.2",16
"JUNB(var.2)_MA1140.2","JUNB(var.2)_MA1140.2",58
"JUND_MA0491.2","JUND_MA0491.2",16
"JUND(var.2)_MA0492.1","JUND(var.2)_MA0492.1",58
"Klf1_MA0493.1","Klf1_MA0493.1",12
"KLF10_MA1511.1","KLF10_MA1511.1",12
"KLF11_MA1512.1","KLF11_MA1512.1",12
"Klf12_MA0742.1","Klf12_MA0742.1",12
"KLF13_MA0657.1","KLF13_MA0657.1",12
"KLF14_MA0740.1","KLF14_MA0740.1",12
"KLF15_MA1513.1","KLF15_MA1513.1",12
"KLF16_MA0741.1","KLF16_MA0741.1",12
"KLF17_MA1514.1","KLF17_MA1514.1",100
"KLF2_MA1515.1","KLF2_MA1515.1",12
"KLF3_MA1516.1","KLF3_MA1516.1",12
"KLF4_MA0039.4","KLF4_MA0039.4",12
"KLF5_MA0599.1","KLF5_MA0599.1",12
"KLF6_MA1517.1","KLF6_MA1517.1",12
"KLF9_MA1107.2","KLF9_MA1107.2",12
"LBX1_MA0618.1","LBX1_MA0618.1",1
"LBX2_MA0699.1","LBX2_MA0699.1",1
"LEF1_MA0768.1","LEF1_MA0768.1",101
"LHX1_MA1518.1","LHX1_MA1518.1",1
"LHX2_MA0700.2","LHX2_MA0700.2",1
"Lhx3_MA0135.1","Lhx3_MA0135.1",1
"Lhx4_MA0704.1","Lhx4_MA0704.1",1
"LHX5_MA1519.1","LHX5_MA1519.1",1
"LHX6_MA0658.1","LHX6_MA0658.1",1
"Lhx8_MA0705.1","Lhx8_MA0705.1",1
"LHX9_MA0701.2","LHX9_MA0701.2",1
"LIN54_MA0619.1","LIN54_MA0619.1",69
"LMX1A_MA0702.2","LMX1A_MA0702.2",1
"LMX1B_MA0703.2","LMX1B_MA0703.2",1
"MAF_MA1520.1","MAF_MA1520.1",16
"MAF::NFE2_MA0501.1","MAF::NFE2_MA0501.1",16
"MAFA_MA1521.1","MAFA_MA1521.1",16
"Mafb_MA0117.2","Mafb_MA0117.2",72
"MAFF_MA0495.3","MAFF_MA0495.3",72
"MAFG_MA0659.2","MAFG_MA0659.2",72
"MAFK_MA0496.3","MAFK_MA0496.3",16
"MAX_MA0058.3","MAX_MA0058.3",28
"MAX::MYC_MA0059.1","MAX::MYC_MA0059.1",28
"MAZ_MA1522.1","MAZ_MA1522.1",12
"Mecom_MA0029.1","Mecom_MA0029.1",102
"MEF2A_MA0052.4","MEF2A_MA0052.4",9
"MEF2B_MA0660.1","MEF2B_MA0660.1",9
"MEF2C_MA0497.1","MEF2C_MA0497.1",9
"MEF2D_MA0773.1","MEF2D_MA0773.1",9
"MEIS1_MA0498.2","MEIS1_MA0498.2",2
"MEIS1(var.2)_MA1639.1","MEIS1(var.2)_MA1639.1",103
"MEIS2_MA0774.1","MEIS2_MA0774.1",2
"MEIS2(var.2)_MA1640.1","MEIS2(var.2)_MA1640.1",103
"MEIS3_MA0775.1","MEIS3_MA0775.1",2
"MEOX1_MA0661.1","MEOX1_MA0661.1",1
"MEOX2_MA0706.1","MEOX2_MA0706.1",1
"MGA_MA0801.1","MGA_MA0801.1",86
"MITF_MA0620.3","MITF_MA0620.3",28
"mix-a_MA0621.1","mix-a_MA0621.1",1
"MIXL1_MA0662.1","MIXL1_MA0662.1",1
"MLX_MA0663.1","MLX_MA0663.1",28
"Mlxip_MA0622.1","Mlxip_MA0622.1",28
"MLXIPL_MA0664.1","MLXIPL_MA0664.1",28
"MNT_MA0825.1","MNT_MA0825.1",28
"MNX1_MA0707.1","MNX1_MA0707.1",1
"MSANTD3_MA1523.1","MSANTD3_MA1523.1",57
"MSC_MA0665.1","MSC_MA0665.1",46
"MSGN1_MA1524.1","MSGN1_MA1524.1",53
"MSX1_MA0666.1","MSX1_MA0666.1",1
"MSX2_MA0708.1","MSX2_MA0708.1",1
"Msx3_MA0709.1","Msx3_MA0709.1",1
"MTF1_MA0863.1","MTF1_MA0863.1",104
"MXI1_MA1108.2","MXI1_MA1108.2",53
"MYB_MA0100.3","MYB_MA0100.3",46
"MYBL1_MA0776.1","MYBL1_MA0776.1",105
"MYBL2_MA0777.1","MYBL2_MA0777.1",106
"MYC_MA0147.3","MYC_MA0147.3",28
"MYCN_MA0104.4","MYCN_MA0104.4",28
"MYF5_MA1641.1","MYF5_MA1641.1",46
"MYF6_MA0667.1","MYF6_MA0667.1",46
"MYOD1_MA0499.2","MYOD1_MA0499.2",46
"MYOG_MA0500.2","MYOG_MA0500.2",46
"MZF1_MA0056.2","MZF1_MA0056.2",107
"MZF1(var.2)_MA0057.1","MZF1(var.2)_MA0057.1",108
"NEUROD1_MA1109.1","NEUROD1_MA1109.1",53
"NEUROD2_MA0668.1","NEUROD2_MA0668.1",53
"NEUROG1_MA0623.2","NEUROG1_MA0623.2",53
"NEUROG2_MA0669.1","NEUROG2_MA0669.1",53
"NEUROG2(var.2)_MA1642.1","NEUROG2(var.2)_MA1642.1",53
"NFAT5_MA0606.1","NFAT5_MA0606.1",109
"NFATC1_MA0624.1","NFATC1_MA0624.1",109
"NFATC2_MA0152.1","NFATC2_MA0152.1",109
"NFATC3_MA0625.1","NFATC3_MA0625.1",109
"NFATC4_MA1525.1","NFATC4_MA1525.1",109
"NFE2_MA0841.1","NFE2_MA0841.1",16
"NFE2L1_MA0089.2","NFE2L1_MA0089.2",16
"Nfe2l2_MA0150.2","Nfe2l2_MA0150.2",16
"NFIA_MA0670.1","NFIA_MA0670.1",92
"NFIB_MA1643.1","NFIB_MA1643.1",110
"NFIC_MA0161.2","NFIC_MA0161.2",92
"NFIC::TLX1_MA0119.1","NFIC::TLX1_MA0119.1",110
"NFIC(var.2)_MA1527.1","NFIC(var.2)_MA1527.1",110
"NFIL3_MA0025.2","NFIL3_MA0025.2",42
"NFIX_MA0671.1","NFIX_MA0671.1",92
"NFIX(var.2)_MA1528.1","NFIX(var.2)_MA1528.1",110
"NFKB1_MA0105.4","NFKB1_MA0105.4",107
"NFKB2_MA0778.1","NFKB2_MA0778.1",107
"NFYA_MA0060.3","NFYA_MA0060.3",37
"NFYB_MA0502.2","NFYB_MA0502.2",111
"NFYC_MA1644.1","NFYC_MA1644.1",37
"NHLH1_MA0048.2","NHLH1_MA0048.2",46
"NHLH2_MA1529.1","NHLH2_MA1529.1",112
"NKX2-2_MA1645.1","NKX2-2_MA1645.1",57
"NKX2-3_MA0672.1","NKX2-3_MA0672.1",4
"NKX2-5_MA0063.2","NKX2-5_MA0063.2",57
"Nkx2-5(var.2)_MA0503.1","Nkx2-5(var.2)_MA0503.1",57
"NKX2-8_MA0673.1","NKX2-8_MA0673.1",4
"Nkx3-1_MA0124.2","Nkx3-1_MA0124.2",4
"Nkx3-2_MA0122.3","Nkx3-2_MA0122.3",4
"NKX6-1_MA0674.1","NKX6-1_MA0674.1",1
"NKX6-2_MA0675.1","NKX6-2_MA0675.1",1
"NKX6-3_MA1530.1","NKX6-3_MA1530.1",1
"Nobox_MA0125.1","Nobox_MA0125.1",1
"NOTO_MA0710.1","NOTO_MA0710.1",1
"Npas2_MA0626.1","Npas2_MA0626.1",28
"NR1D1_MA1531.1","NR1D1_MA1531.1",113
"NR1D2_MA1532.1","NR1D2_MA1532.1",113
"NR1H2::RXRA_MA0115.1","NR1H2::RXRA_MA0115.1",114
"Nr1h3::Rxra_MA0494.1","Nr1h3::Rxra_MA0494.1",115
"NR1H4_MA1110.1","NR1H4_MA1110.1",23
"NR1H4::RXRA_MA1146.1","NR1H4::RXRA_MA1146.1",23
"NR1I2_MA1533.1","NR1I2_MA1533.1",116
"NR1I3_MA1534.1","NR1I3_MA1534.1",17
"NR2C1_MA1535.1","NR2C1_MA1535.1",71
"NR2C2_MA0504.1","NR2C2_MA0504.1",114
"NR2C2(var.2)_MA1536.1","NR2C2(var.2)_MA1536.1",71
"Nr2e1_MA0676.1","Nr2e1_MA0676.1",51
"Nr2e3_MA0164.1","Nr2e3_MA0164.1",117
"NR2F1_MA0017.2","NR2F1_MA0017.2",71
"NR2F1(var.2)_MA1537.1","NR2F1(var.2)_MA1537.1",114
"NR2F1(var.3)_MA1538.1","NR2F1(var.3)_MA1538.1",23
"NR2F2_MA1111.1","NR2F2_MA1111.1",71
"Nr2f6_MA0677.1","Nr2f6_MA0677.1",114
"Nr2f6(var.2)_MA0728.1","Nr2f6(var.2)_MA0728.1",96
"NR2F6(var.3)_MA1539.1","NR2F6(var.3)_MA1539.1",23
"NR3C1_MA0113.3","NR3C1_MA0113.3",76
"NR3C2_MA0727.1","NR3C2_MA0727.1",76
"NR4A1_MA1112.2","NR4A1_MA1112.2",71
"NR4A2_MA0160.1","NR4A2_MA0160.1",71
"NR4A2::RXRA_MA1147.1","NR4A2::RXRA_MA1147.1",23
"NR5A1_MA1540.1","NR5A1_MA1540.1",71
"Nr5a2_MA0505.1","Nr5a2_MA0505.1",71
"NR6A1_MA1541.1","NR6A1_MA1541.1",71
"NRF1_MA0506.1","NRF1_MA0506.1",118
"NRL_MA0842.2","NRL_MA0842.2",72
"OLIG1_MA0826.1","OLIG1_MA0826.1",53
"OLIG2_MA0678.1","OLIG2_MA0678.1",53
"OLIG3_MA0827.1","OLIG3_MA0827.1",53
"ONECUT1_MA0679.2","ONECUT1_MA0679.2",6
"ONECUT2_MA0756.1","ONECUT2_MA0756.1",6
"ONECUT3_MA0757.1","ONECUT3_MA0757.1",6
"OSR1_MA1542.1","OSR1_MA1542.1",36
"OSR2_MA1646.1","OSR2_MA1646.1",36
"OTX1_MA0711.1","OTX1_MA0711.1",5
"OTX2_MA0712.2","OTX2_MA0712.2",5
"OVOL1_MA1544.1","OVOL1_MA1544.1",105
"OVOL2_MA1545.1","OVOL2_MA1545.1",105
"PAX1_MA0779.1","PAX1_MA0779.1",50
"Pax2_MA0067.1","Pax2_MA0067.1",54
"PAX3_MA0780.1","PAX3_MA0780.1",6
"PAX3(var.2)_MA1546.1","PAX3(var.2)_MA1546.1",119
"PAX4_MA0068.2","PAX4_MA0068.2",1
"PAX5_MA0014.3","PAX5_MA0014.3",54
"PAX6_MA0069.1","PAX6_MA0069.1",50
"PAX7_MA0680.1","PAX7_MA0680.1",6
"PAX9_MA0781.1","PAX9_MA0781.1",50
"PBX1_MA0070.1","PBX1_MA0070.1",103
"PBX2_MA1113.2","PBX2_MA1113.2",103
"PBX3_MA1114.1","PBX3_MA1114.1",2
"PDX1_MA0132.2","PDX1_MA0132.2",1
"PHOX2A_MA0713.1","PHOX2A_MA0713.1",83
"PHOX2B_MA0681.2","PHOX2B_MA0681.2",83
"PITX1_MA0682.2","PITX1_MA0682.2",5
"PITX2_MA1547.1","PITX2_MA1547.1",5
"PITX3_MA0714.1","PITX3_MA0714.1",5
"PKNOX1_MA0782.2","PKNOX1_MA0782.2",2
"PKNOX2_MA0783.1","PKNOX2_MA0783.1",120
"PLAG1_MA0163.1","PLAG1_MA0163.1",121
"Plagl1_MA1615.1","Plagl1_MA1615.1",122
"PLAGL2_MA1548.1","PLAGL2_MA1548.1",122
"POU1F1_MA0784.1","POU1F1_MA0784.1",35
"POU2F1_MA0785.1","POU2F1_MA0785.1",35
"POU2F2_MA0507.1","POU2F2_MA0507.1",35
"POU2F3_MA0627.2","POU2F3_MA0627.2",35
"POU3F1_MA0786.1","POU3F1_MA0786.1",35
"POU3F2_MA0787.1","POU3F2_MA0787.1",35
"POU3F3_MA0788.1","POU3F3_MA0788.1",35
"POU3F4_MA0789.1","POU3F4_MA0789.1",35
"POU4F1_MA0790.1","POU4F1_MA0790.1",95
"POU4F2_MA0683.1","POU4F2_MA0683.1",95
"POU4F3_MA0791.1","POU4F3_MA0791.1",95
"POU5F1_MA1115.1","POU5F1_MA1115.1",35
"Pou5f1::Sox2_MA0142.1","Pou5f1::Sox2_MA0142.1",35
"POU5F1B_MA0792.1","POU5F1B_MA0792.1",35
"POU6F1_MA0628.1","POU6F1_MA0628.1",1
"POU6F1(var.2)_MA1549.1","POU6F1(var.2)_MA1549.1",1
"POU6F2_MA0793.1","POU6F2_MA0793.1",1
"PPARA::RXRA_MA1148.1","PPARA::RXRA_MA1148.1",114
"PPARD_MA1550.1","PPARD_MA1550.1",114
"PPARG_MA0066.1","PPARG_MA0066.1",87
"Pparg::Rxra_MA0065.2","Pparg::Rxra_MA0065.2",114
"PRDM1_MA0508.3","PRDM1_MA0508.3",123
"Prdm15_MA1616.1","Prdm15_MA1616.1",124
"PRDM4_MA1647.1","PRDM4_MA1647.1",40
"PROP1_MA0715.1","PROP1_MA0715.1",83
"PROX1_MA0794.1","PROX1_MA0794.1",125
"PRRX1_MA0716.1","PRRX1_MA0716.1",1
"PRRX2_MA0075.3","PRRX2_MA0075.3",1
"Ptf1a_MA1618.1","Ptf1a_MA1618.1",53
"Ptf1a(var.2)_MA1619.1","Ptf1a(var.2)_MA1619.1",46
"Ptf1a(var.3)_MA1620.1","Ptf1a(var.3)_MA1620.1",46
"RARA_MA0729.1","RARA_MA0729.1",96
"RARA::RXRA_MA0159.1","RARA::RXRA_MA0159.1",126
"RARA::RXRG_MA1149.1","RARA::RXRG_MA1149.1",126
"RARA(var.2)_MA0730.1","RARA(var.2)_MA0730.1",126
"Rarb_MA0857.1","Rarb_MA0857.1",96
"Rarb(var.2)_MA0858.1","Rarb(var.2)_MA0858.1",126
"RARB(var.3)_MA1552.1","RARB(var.3)_MA1552.1",127
"Rarg_MA0859.1","Rarg_MA0859.1",96
"Rarg(var.2)_MA0860.1","Rarg(var.2)_MA0860.1",115
"RARG(var.3)_MA1553.1","RARG(var.3)_MA1553.1",127
"RAX_MA0718.1","RAX_MA0718.1",1
"RAX2_MA0717.1","RAX2_MA0717.1",1
"RBPJ_MA1116.1","RBPJ_MA1116.1",48
"Rbpjl_MA1621.1","Rbpjl_MA1621.1",46
"REL_MA0101.1","REL_MA0101.1",21
"RELA_MA0107.1","RELA_MA0107.1",21
"RELB_MA1117.1","RELB_MA1117.1",107
"REST_MA0138.2","REST_MA0138.2",128
"RFX1_MA0509.2","RFX1_MA0509.2",129
"RFX2_MA0600.2","RFX2_MA0600.2",129
"RFX3_MA0798.2","RFX3_MA0798.2",129
"RFX4_MA0799.1","RFX4_MA0799.1",129
"RFX5_MA0510.2","RFX5_MA0510.2",129
"RFX7_MA1554.1","RFX7_MA1554.1",129
"Rhox11_MA0629.1","Rhox11_MA0629.1",130
"RHOXF1_MA0719.1","RHOXF1_MA0719.1",5
"RORA_MA0071.1","RORA_MA0071.1",31
"RORA(var.2)_MA0072.1","RORA(var.2)_MA0072.1",31
"RORB_MA1150.1","RORB_MA1150.1",31
"RORC_MA1151.1","RORC_MA1151.1",31
"RREB1_MA0073.1","RREB1_MA0073.1",131
"RUNX1_MA0002.2","RUNX1_MA0002.2",7
"RUNX2_MA0511.2","RUNX2_MA0511.2",7
"RUNX3_MA0684.2","RUNX3_MA0684.2",7
"Rxra_MA0512.2","Rxra_MA0512.2",114
"RXRA::VDR_MA0074.1","RXRA::VDR_MA0074.1",116
"RXRB_MA0855.1","RXRB_MA0855.1",114
"RXRB(var.2)_MA1555.1","RXRB(var.2)_MA1555.1",127
"RXRG_MA0856.1","RXRG_MA0856.1",114
"RXRG(var.2)_MA1556.1","RXRG(var.2)_MA1556.1",127
"SCRT1_MA0743.2","SCRT1_MA0743.2",46
"SCRT2_MA0744.2","SCRT2_MA0744.2",46
"SHOX_MA0630.1","SHOX_MA0630.1",1
"Shox2_MA0720.1","Shox2_MA0720.1",1
"SIX1_MA1118.1","SIX1_MA1118.1",132
"SIX2_MA1119.1","SIX2_MA1119.1",132
"Six3_MA0631.1","Six3_MA0631.1",39
"Smad2::Smad3_MA1622.1","Smad2::Smad3_MA1622.1",16
"SMAD2::SMAD3::SMAD4_MA0513.1","SMAD2::SMAD3::SMAD4_MA0513.1",133
"SMAD3_MA0795.1","SMAD3_MA0795.1",73
"Smad4_MA1153.1","Smad4_MA1153.1",73
"SMAD5_MA1557.1","SMAD5_MA1557.1",73
"SNAI1_MA1558.1","SNAI1_MA1558.1",46
"SNAI2_MA0745.2","SNAI2_MA0745.2",46
"SNAI3_MA1559.1","SNAI3_MA1559.1",46
"SOHLH2_MA1560.1","SOHLH2_MA1560.1",28
"Sox1_MA0870.1","Sox1_MA0870.1",134
"SOX10_MA0442.2","SOX10_MA0442.2",19
"Sox11_MA0869.1","Sox11_MA0869.1",134
"SOX12_MA1561.1","SOX12_MA1561.1",19
"SOX13_MA1120.1","SOX13_MA1120.1",19
"SOX14_MA1562.1","SOX14_MA1562.1",19
"SOX15_MA1152.1","SOX15_MA1152.1",19
"Sox17_MA0078.1","Sox17_MA0078.1",19
"SOX18_MA1563.1","SOX18_MA1563.1",19
"SOX2_MA0143.4","SOX2_MA0143.4",19
"SOX21_MA0866.1","SOX21_MA0866.1",134
"Sox3_MA0514.1","Sox3_MA0514.1",19
"SOX4_MA0867.2","SOX4_MA0867.2",19
"Sox5_MA0087.1","Sox5_MA0087.1",19
"Sox6_MA0515.1","Sox6_MA0515.1",19
"SOX8_MA0868.2","SOX8_MA0868.2",19
"SOX9_MA0077.1","SOX9_MA0077.1",19
"SP1_MA0079.4","SP1_MA0079.4",12
"SP2_MA0516.2","SP2_MA0516.2",12
"SP3_MA0746.2","SP3_MA0746.2",12
"SP4_MA0685.1","SP4_MA0685.1",12
"SP8_MA0747.1","SP8_MA0747.1",12
"SP9_MA1564.1","SP9_MA1564.1",12
"SPDEF_MA0686.1","SPDEF_MA0686.1",24
"SPI1_MA0080.5","SPI1_MA0080.5",24
"SPIB_MA0081.2","SPIB_MA0081.2",24
"SPIC_MA0687.1","SPIC_MA0687.1",24
"Spz1_MA0111.1","Spz1_MA0111.1",135
"SREBF1_MA0595.1","SREBF1_MA0595.1",136
"SREBF1(var.2)_MA0829.2","SREBF1(var.2)_MA0829.2",28
"SREBF2_MA0596.1","SREBF2_MA0596.1",136
"SREBF2(var.2)_MA0828.1","SREBF2(var.2)_MA0828.1",28
"SRF_MA0083.3","SRF_MA0083.3",137
"SRY_MA0084.1","SRY_MA0084.1",19
"STAT1_MA0137.3","STAT1_MA0137.3",47
"STAT1::STAT2_MA0517.1","STAT1::STAT2_MA0517.1",59
"Stat2_MA1623.1","Stat2_MA1623.1",59
"STAT3_MA0144.2","STAT3_MA0144.2",47
"Stat4_MA0518.1","Stat4_MA0518.1",47
"Stat5a_MA1624.1","Stat5a_MA1624.1",47
"Stat5a::Stat5b_MA0519.1","Stat5a::Stat5b_MA0519.1",47
"Stat5b_MA1625.1","Stat5b_MA1625.1",47
"Stat6_MA0520.1","Stat6_MA0520.1",138
"TAL1::TCF3_MA0091.1","TAL1::TCF3_MA0091.1",53
"TBP_MA0108.2","TBP_MA0108.2",14
"TBR1_MA0802.1","TBR1_MA0802.1",86
"TBX1_MA0805.1","TBX1_MA0805.1",86
"TBX15_MA0803.1","TBX15_MA0803.1",86
"TBX18_MA1565.1","TBX18_MA1565.1",86
"TBX19_MA0804.1","TBX19_MA0804.1",139
"TBX2_MA0688.1","TBX2_MA0688.1",86
"TBX20_MA0689.1","TBX20_MA0689.1",86
"TBX21_MA0690.1","TBX21_MA0690.1",86
"TBX3_MA1566.1","TBX3_MA1566.1",86
"TBX4_MA0806.1","TBX4_MA0806.1",86
"TBX5_MA0807.1","TBX5_MA0807.1",86
"TBX6_MA1567.1","TBX6_MA1567.1",86
"TBXT_MA0009.2","TBXT_MA0009.2",139
"Tcf12_MA0521.1","Tcf12_MA0521.1",46
"TCF12(var.2)_MA1648.1","TCF12(var.2)_MA1648.1",46
"Tcf21_MA0832.1","Tcf21_MA0832.1",46
"TCF21(var.2)_MA1568.1","TCF21(var.2)_MA1568.1",53
"TCF3_MA0522.3","TCF3_MA0522.3",46
"TCF4_MA0830.2","TCF4_MA0830.2",46
"TCF7_MA0769.2","TCF7_MA0769.2",101
"TCF7L1_MA1421.1","TCF7L1_MA1421.1",101
"TCF7L2_MA0523.1","TCF7L2_MA0523.1",101
"TCFL5_MA0632.2","TCFL5_MA0632.2",75
"TEAD1_MA0090.3","TEAD1_MA0090.3",45
"TEAD2_MA1121.1","TEAD2_MA1121.1",45
"TEAD3_MA0808.1","TEAD3_MA0808.1",45
"TEAD4_MA0809.2","TEAD4_MA0809.2",45
"TEF_MA0843.1","TEF_MA0843.1",27
"TFAP2A_MA0003.4","TFAP2A_MA0003.4",140
"TFAP2A(var.2)_MA0810.1","TFAP2A(var.2)_MA0810.1",141
"TFAP2A(var.3)_MA0872.1","TFAP2A(var.3)_MA0872.1",141
"TFAP2B_MA0811.1","TFAP2B_MA0811.1",141
"TFAP2B(var.2)_MA0812.1","TFAP2B(var.2)_MA0812.1",140
"TFAP2B(var.3)_MA0813.1","TFAP2B(var.3)_MA0813.1",141
"TFAP2C_MA0524.2","TFAP2C_MA0524.2",141
"TFAP2C(var.2)_MA0814.2","TFAP2C(var.2)_MA0814.2",140
"TFAP2C(var.3)_MA0815.1","TFAP2C(var.3)_MA0815.1",141
"TFAP2E_MA1569.1","TFAP2E_MA1569.1",140
"TFAP4_MA0691.1","TFAP4_MA0691.1",46
"TFAP4(var.2)_MA1570.1","TFAP4(var.2)_MA1570.1",53
"TFCP2_MA0145.3","TFCP2_MA0145.3",26
"TFDP1_MA1122.1","TFDP1_MA1122.1",65
"TFE3_MA0831.2","TFE3_MA0831.2",28
"TFEB_MA0692.1","TFEB_MA0692.1",28
"TFEC_MA0871.2","TFEC_MA0871.2",28
"TGIF1_MA0796.1","TGIF1_MA0796.1",120
"TGIF2_MA0797.1","TGIF2_MA0797.1",120
"TGIF2LX_MA1571.1","TGIF2LX_MA1571.1",120
"TGIF2LY_MA1572.1","TGIF2LY_MA1572.1",120
"THAP1_MA0597.1","THAP1_MA0597.1",25
"THAP11_MA1573.1","THAP11_MA1573.1",142
"THRB_MA1574.1","THRB_MA1574.1",114
"THRB(var.2)_MA1575.1","THRB(var.2)_MA1575.1",143
"THRB(var.3)_MA1576.1","THRB(var.3)_MA1576.1",115
"TLX2_MA1577.1","TLX2_MA1577.1",1
"TP53_MA0106.3","TP53_MA0106.3",144
"TP63_MA0525.2","TP63_MA0525.2",144
"TP73_MA0861.1","TP73_MA0861.1",144
"TWIST1_MA1123.2","TWIST1_MA1123.2",53
"Twist2_MA0633.1","Twist2_MA0633.1",53
"UNCX_MA0721.1","UNCX_MA0721.1",1
"USF1_MA0093.3","USF1_MA0093.3",28
"USF2_MA0526.3","USF2_MA0526.3",28
"VAX1_MA0722.1","VAX1_MA0722.1",1
"VAX2_MA0723.1","VAX2_MA0723.1",1
"VDR_MA0693.2","VDR_MA0693.2",17
"VENTX_MA0724.1","VENTX_MA0724.1",1
"VEZF1_MA1578.1","VEZF1_MA1578.1",145
"VSX1_MA0725.1","VSX1_MA0725.1",1
"VSX2_MA0726.1","VSX2_MA0726.1",1
"Wt1_MA1627.1","Wt1_MA1627.1",145
"XBP1_MA0844.1","XBP1_MA0844.1",78
"YY1_MA0095.2","YY1_MA0095.2",43
"YY2_MA0748.2","YY2_MA0748.2",43
"ZBED1_MA0749.1","ZBED1_MA0749.1",146
"ZBTB12_MA1649.1","ZBTB12_MA1649.1",68
"ZBTB14_MA1650.1","ZBTB14_MA1650.1",147
"ZBTB18_MA0698.1","ZBTB18_MA0698.1",53
"ZBTB26_MA1579.1","ZBTB26_MA1579.1",30
"ZBTB32_MA1580.1","ZBTB32_MA1580.1",148
"ZBTB33_MA0527.1","ZBTB33_MA0527.1",149
"ZBTB6_MA1581.1","ZBTB6_MA1581.1",150
"ZBTB7A_MA0750.2","ZBTB7A_MA0750.2",24
"ZBTB7B_MA0694.1","ZBTB7B_MA0694.1",151
"ZBTB7C_MA0695.1","ZBTB7C_MA0695.1",151
"ZEB1_MA0103.3","ZEB1_MA0103.3",46
"ZFP42_MA1651.1","ZFP42_MA1651.1",43
"ZFP57_MA1583.1","ZFP57_MA1583.1",152
"Zfx_MA0146.2","Zfx_MA0146.2",153
"ZIC1_MA0696.1","ZIC1_MA0696.1",38
"Zic1::Zic2_MA1628.1","Zic1::Zic2_MA1628.1",38
"Zic2_MA1629.1","Zic2_MA1629.1",38
"ZIC3_MA0697.1","ZIC3_MA0697.1",38
"ZIC4_MA0751.1","ZIC4_MA0751.1",38
"ZIC5_MA1584.1","ZIC5_MA1584.1",38
"ZKSCAN1_MA1585.1","ZKSCAN1_MA1585.1",154
"ZKSCAN5_MA1652.1","ZKSCAN5_MA1652.1",155
"ZNF135_MA1587.1","ZNF135_MA1587.1",156
"ZNF136_MA1588.1","ZNF136_MA1588.1",157
"ZNF140_MA1589.1","ZNF140_MA1589.1",158
"ZNF143_MA0088.2","ZNF143_MA0088.2",159
"ZNF148_MA1653.1","ZNF148_MA1653.1",12
"ZNF16_MA1654.1","ZNF16_MA1654.1",160
"ZNF24_MA1124.1","ZNF24_MA1124.1",161
"ZNF263_MA0528.2","ZNF263_MA0528.2",162
"ZNF274_MA1592.1","ZNF274_MA1592.1",163
"Znf281_MA1630.1","Znf281_MA1630.1",145
"ZNF282_MA1154.1","ZNF282_MA1154.1",164
"ZNF317_MA1593.1","ZNF317_MA1593.1",165
"ZNF341_MA1655.1","ZNF341_MA1655.1",166
"ZNF354C_MA0130.1","ZNF354C_MA0130.1",89
"ZNF382_MA1594.1","ZNF382_MA1594.1",167
"ZNF384_MA1125.1","ZNF384_MA1125.1",29
"ZNF410_MA0752.1","ZNF410_MA0752.1",168
"Znf423_MA0116.1","Znf423_MA0116.1",169
"ZNF449_MA1656.1","ZNF449_MA1656.1",170
"ZNF460_MA1596.1","ZNF460_MA1596.1",156
"ZNF528_MA1597.1","ZNF528_MA1597.1",171
"ZNF652_MA1657.1","ZNF652_MA1657.1",32
"ZNF682_MA1599.1","ZNF682_MA1599.1",172
"ZNF684_MA1600.1","ZNF684_MA1600.1",173
"ZNF740_MA0753.2","ZNF740_MA0753.2",145
"ZNF75D_MA1601.1","ZNF75D_MA1601.1",48
"ZSCAN29_MA1602.1","ZSCAN29_MA1602.1",174
"ZSCAN4_MA1155.1","ZSCAN4_MA1155.1",175
